Cycle_Index,QV_Curve,Charge_Current(A),Temperture,Discharge_Current(A),Max_Charge_Capacity(Ah),Max_Discharge_Capacity(Ah)
2,"[0.097, 0.106, 0.12, 0.14188435374149644, 0.165, 0.17973155416012557, 0.1998010204081633, 0.21355952380952395, 0.229, 0.24483673469387762, 0.26, 0.27568027210884366, 0.291, 0.306, 0.3224920634920635, 0.3536260932944606, 0.3804332810047096, 0.4152278911564627, 0.4581181972789116, 0.497, 0.553, 0.682126984126984, 0.811, 0.899, 1.0420236305048336, 1.135, 1.204, 1.2529481292517006, 1.313, 1.3588513119533534, 1.418, 1.4537636054421772, 1.498, 1.538, 1.583, 1.612, 1.662, 1.686, 1.7312751020408166, 1.76, 1.801, 1.828, 1.8581904761904766, 1.886, 1.9162908163265306, 1.9455436734693878, 1.976, 2.002, 2.028626208378088, 2.056]",1.2,25,-2.4,2.376,2.362
3,"[0.099, 0.107, 0.124, 0.145, 0.1647645772594752, 0.185, 0.203, 0.217, 0.232, 0.24683673469387762, 0.2623221574344024, 0.279, 0.293, 0.309, 0.338, 0.36, 0.386, 0.423, 0.468, 0.505302982731554, 0.580047309833024, 0.687, 0.8121181525241675, 0.9379497645211934, 1.048, 1.1430290010741142, 1.216, 1.259, 1.3134771428571428, 1.3664715359828143, 1.405, 1.467, 1.513, 1.5502946938775513, 1.577, 1.6259523809523813, 1.661, 1.7023566058002149, 1.735, 1.7711075565361278, 1.8045081632653064, 1.832431972789116, 1.866, 1.892091560948704, 1.92, 1.949, 1.977, 2.006, 2.032, 2.059]",1.2,25,-2.4,2.376,2.359
4,"[0.099, 0.11, 0.126, 0.147, 0.165, 0.184, 0.19786224489795942, 0.217, 0.233, 0.251, 0.26442725477287693, 0.27957456828885396, 0.296, 0.31489183673469384, 0.3334725274725274, 0.362, 0.386, 0.4202189239332096, 0.4664200680272107, 0.507, 0.593, 0.714, 0.8301975510204082, 0.937, 1.044, 1.143, 1.207, 1.257704357418643, 1.324, 1.363, 1.429, 1.467079931972789, 1.508, 1.545, 1.581, 1.6290451127819547, 1.661, 1.7025139146567714, 1.7359608843537409, 1.7729727891156462, 1.805, 1.834, 1.8666190476190476, 1.897, 1.923, 1.948, 1.979, 2.005, 2.039, 2.058]",1.2,25,-2.4,2.373,2.359
5,"[0.099, 0.11, 0.13480952380952382, 0.15081318681318703, 0.173, 0.186, 0.20437012987012979, 0.2184166666666667, 0.237, 0.25, 0.266, 0.2796171428571428, 0.301, 0.314, 0.33768421052631586, 0.366, 0.399, 0.424, 0.469, 0.501, 0.5933257142857142, 0.71, 0.8261503759398496, 0.946, 1.05, 1.136, 1.217, 1.2701479591836735, 1.324108108108108, 1.371, 1.4261318681318684, 1.4651746031746031, 1.506, 1.5474514285714287, 1.587, 1.636, 1.664, 1.702, 1.735, 1.765, 1.8030676691729326, 1.833, 1.859, 1.897, 1.919, 1.9521309523809522, 1.978, 2.005, 2.030010989010989, 2.057]",1.2,25,-2.4,2.371,2.357
6,"[0.101, 0.11164214523018512, 0.1362015306122447, 0.15487346938775498, 0.175, 0.189, 0.207, 0.223, 0.237, 0.252, 0.26628191741813, 0.281, 0.29590670553935805, 0.3154783673469387, 0.339, 0.366, 0.401, 0.43, 0.46883838940981803, 0.519, 0.6030853920515574, 0.7401142857142857, 0.864, 0.9590081632653059, 1.061, 1.1560235478806904, 1.211, 1.266, 1.324, 1.383, 1.433, 1.473, 1.5145024820739106, 1.559, 1.5952346938775515, 1.63, 1.6664816326530614, 1.7036368547418967, 1.749, 1.768, 1.806, 1.834, 1.86, 1.9, 1.924498388829216, 1.955, 1.98, 2.006, 2.034, 2.059]",1.2,25,-2.4,2.372,2.357
7,"[0.101, 0.10892897959183669, 0.129, 0.149, 0.172, 0.187, 0.2058622448979594, 0.218, 0.237, 0.25, 0.2650408163265305, 0.281, 0.29864115646258493, 0.31283673469387746, 0.3411660231660232, 0.365, 0.391, 0.4255412801484229, 0.468, 0.5112847866419296, 0.608, 0.725, 0.845, 0.954, 1.0561355102040815, 1.154, 1.2162205398288348, 1.271, 1.325, 1.367969387755102, 1.4370193340494093, 1.474, 1.516, 1.553, 1.593, 1.633, 1.666905416012559, 1.705, 1.744, 1.7737017774851878, 1.7979990723562151, 1.837, 1.860732718894009, 1.901, 1.923, 1.956, 1.981, 2.00862925170068, 2.034, 2.059]",1.2,25,-2.4,2.372,2.355
8,"[0.101, 0.11192897959183669, 0.129, 0.153, 0.169, 0.188, 0.205, 0.21863095238095268, 0.23367660910518076, 0.25, 0.264, 0.278, 0.296, 0.31, 0.334, 0.362, 0.392, 0.429, 0.474752551020408, 0.518, 0.605, 0.7114126984126984, 0.844, 0.958, 1.058, 1.146, 1.2168334430546413, 1.2735015306122448, 1.33, 1.371, 1.437, 1.474, 1.515, 1.552, 1.595, 1.6340306122448978, 1.67, 1.6969322448979591, 1.745843537414964, 1.7688702040816326, 1.807, 1.8358503401360546, 1.8674920634920633, 1.8903933209647497, 1.925, 1.948, 1.977, 2.005, 2.041, 2.057]",1.2,25,-2.4,2.369,2.355
9,"[0.099, 0.11227633756205188, 0.129, 0.15, 0.168, 0.187, 0.204, 0.21826190476190535, 0.2339452690166976, 0.251, 0.26476979591836736, 0.281, 0.291, 0.316, 0.3380089285714286, 0.365, 0.39, 0.429, 0.461, 0.524, 0.5921836734693877, 0.7451547619047618, 0.8570881261595548, 0.947, 1.06, 1.156, 1.221230568823274, 1.271, 1.328, 1.378, 1.433, 1.475, 1.512, 1.5634563265306123, 1.588, 1.616, 1.6468401360544216, 1.6804522448979589, 1.712660482374768, 1.753, 1.786, 1.813, 1.8452380952380945, 1.8766656200941914, 1.8987397959183667, 1.9285194206714944, 1.96026166180758, 1.9858220408163263, 2.0175775510204073, 2.039]",1.2,25,-2.4,2.346,2.355
10,"[0.1, 0.111, 0.13, 0.151, 0.17, 0.18746310832025115, 0.20480102040816328, 0.217, 0.234, 0.246, 0.263, 0.278, 0.29524897959183666, 0.31, 0.339, 0.3605655036208032, 0.391, 0.427, 0.474, 0.509, 0.6020867346938774, 0.7430952380952379, 0.8541181525241675, 0.943, 1.0650345368916798, 1.157, 1.216, 1.262, 1.326, 1.371358367346939, 1.436, 1.472, 1.516, 1.560334879406308, 1.593, 1.631, 1.6678290126861557, 1.697521193092622, 1.74, 1.768, 1.8043908948194665, 1.8337273469387756, 1.8560952380952385, 1.8892605965463112, 1.918, 1.949, 1.977, 2.004, 2.03, 2.056]",1.2,25,-2.4,2.368,2.353
11,"[0.1, 0.108, 0.129, 0.149, 0.168, 0.18656242496998798, 0.202, 0.218, 0.232, 0.251, 0.264465677179963, 0.28, 0.297, 0.31083673469387746, 0.339, 0.359, 0.397, 0.428, 0.471, 0.521, 0.5981395918367347, 0.7487714285714285, 0.8471975510204082, 0.956, 1.046, 1.1524013605442176, 1.2203641245972072, 1.2782812244897959, 1.326, 1.371, 1.433, 1.469, 1.508, 1.549, 1.59, 1.6285142857142856, 1.665, 1.701, 1.734, 1.77, 1.8024536178107606, 1.83, 1.857, 1.891, 1.919994434137291, 1.950196840026333, 1.974860544217687, 2.003, 2.032, 2.054]",1.2,25,-2.4,2.364,2.352
12,"[0.1, 0.112, 0.131, 0.153, 0.17174149659863935, 0.1887786499215069, 0.206, 0.218, 0.233831836734694, 0.25000680272108866, 0.264, 0.28027933673469396, 0.296, 0.317, 0.335, 0.36625469387755094, 0.393, 0.43, 0.477, 0.523, 0.6101395918367347, 0.757, 0.855, 0.969, 1.07, 1.152, 1.223, 1.278, 1.333, 1.371, 1.431, 1.47, 1.516, 1.55, 1.591, 1.6295142857142857, 1.667, 1.703, 1.738960884353741, 1.767, 1.805, 1.832, 1.864825396825396, 1.888, 1.9194972170686455, 1.95, 1.977, 2.001, 2.034231020408163, 2.053]",1.2,25,-2.4,2.366,2.351
13,"[0.1, 0.11413627386438453, 0.13, 0.151, 0.167, 0.187, 0.2, 0.21784126984127003, 0.2333994169096215, 0.246, 0.26, 0.281, 0.29842743764172325, 0.3136860282574567, 0.339, 0.366, 0.392, 0.43180584666298943, 0.473, 0.509, 0.594, 0.7604517374517374, 0.864, 0.971, 1.067, 1.1518673469387755, 1.2234463462804477, 1.277, 1.328, 1.371, 1.432029387755102, 1.473079931972789, 1.518, 1.551, 1.592, 1.631, 1.666, 1.705, 1.738461224489796, 1.774, 1.8073991836734693, 1.835, 1.8626190476190476, 1.896, 1.922, 1.9452542517006803, 1.979, 2.003, 2.028, 2.056]",1.2,25,-2.4,2.366,2.35
14,"[0.101, 0.11240816326530609, 0.131, 0.154, 0.171, 0.188, 0.205, 0.218, 0.2368795918367347, 0.25057948442534916, 0.264, 0.28, 0.298, 0.31131972789115653, 0.339, 0.362, 0.402, 0.434, 0.47, 0.5176523323615161, 0.61, 0.77, 0.8642244897959184, 0.955, 1.058415885273028, 1.154, 1.2162767346938774, 1.271, 1.327, 1.376, 1.434670247046187, 1.4761065759637184, 1.514, 1.5584563265306124, 1.592, 1.636, 1.6627593811718235, 1.699, 1.744, 1.7683647959183673, 1.807, 1.835, 1.865, 1.893, 1.919, 1.948, 1.974, 2.003, 2.0318250728862965, 2.055]",1.2,25,-2.4,2.367,2.35
15,"[0.101, 0.112, 0.131, 0.154, 0.171, 0.187, 0.206, 0.218, 0.234, 0.24743990929705215, 0.2653221574344024, 0.281, 0.298, 0.312, 0.3328285714285714, 0.3641812244897959, 0.39347655819084393, 0.432, 0.473, 0.515, 0.596, 0.741, 0.871, 0.969, 1.065, 1.1550459183673474, 1.2156122448979592, 1.253, 1.329, 1.3688959183673475, 1.43, 1.4670544217687094, 1.508, 1.552, 1.5926514913657774, 1.629, 1.666, 1.7023566058002149, 1.74, 1.767, 1.803, 1.829, 1.858, 1.895, 1.9201938775510206, 1.95, 1.976, 2.003, 2.028, 2.055]",1.2,25,-2.4,2.363,2.347
16,"[0.1, 0.11240897959183682, 0.131, 0.152, 0.171, 0.188, 0.206, 0.218, 0.233, 0.2511887755102042, 0.265, 0.2809271137026241, 0.2949121199500208, 0.313, 0.334, 0.365, 0.395, 0.43080584666298943, 0.473, 0.524, 0.616, 0.756, 0.867, 0.972, 1.078, 1.15, 1.2137282491944146, 1.267, 1.328, 1.3708367346938768, 1.4320386680988186, 1.471079931972789, 1.506, 1.548, 1.592, 1.628, 1.6658401360544215, 1.702, 1.734, 1.766, 1.804, 1.8315227123107307, 1.862, 1.8858261224489794, 1.916, 1.947, 1.972, 1.99993413729128, 2.027, 2.054]",1.2,25,-2.4,2.36,2.345
17,"[0.1, 0.11285204081632647, 0.132, 0.15198445092322635, 0.17026808905380333, 0.1877786499215069, 0.205, 0.218, 0.23483183673469396, 0.252, 0.266, 0.281, 0.299, 0.31283673469387746, 0.3441660231660231, 0.367, 0.398, 0.4354013605442176, 0.472, 0.522, 0.619, 0.7643095238095238, 0.8685757250268528, 0.963, 1.0811092824226463, 1.155, 1.226, 1.2690936920222633, 1.329061776061776, 1.371, 1.432, 1.4720799319727889, 1.517, 1.55, 1.5819853061224491, 1.6290451127819547, 1.663, 1.6949542195256482, 1.7337590520079, 1.7713647959183672, 1.797, 1.832, 1.863, 1.8856656200941915, 1.916, 1.945764081632653, 1.9738140589569158, 2.0, 2.026, 2.054]",1.2,25,-2.4,2.362,2.347
18,"[0.101, 0.11340897959183682, 0.13260257787325447, 0.15194557823129218, 0.17, 0.188, 0.205, 0.219, 0.23409019091507585, 0.2485011337868481, 0.266, 0.281, 0.2938277551020408, 0.313, 0.343, 0.367, 0.3945839874411302, 0.43173393801965215, 0.475, 0.526, 0.625, 0.753, 0.875, 0.9633990332975295, 1.0642605965463108, 1.152, 1.224, 1.276, 1.3246866359447003, 1.367, 1.4295093877551022, 1.4700799319727889, 1.5165065597667637, 1.5559013605442173, 1.588, 1.628, 1.661607411385607, 1.7027176870748293, 1.733, 1.774, 1.804, 1.830700680272109, 1.861, 1.8893461224489796, 1.92, 1.947, 1.976, 1.999, 2.0314442700156983, 2.052]",1.2,25,-2.4,2.36,2.349
19,"[0.1, 0.111, 0.13, 0.15, 0.167, 0.187, 0.2022040816326538, 0.218, 0.233, 0.24731972789115675, 0.264, 0.275, 0.296, 0.311, 0.33, 0.36, 0.38980148423005573, 0.43, 0.46, 0.512, 0.582, 0.725, 0.848, 0.953, 1.0540448979591839, 1.15, 1.216, 1.2634302040816328, 1.327, 1.369, 1.4117551020408166, 1.4731757369614515, 1.514, 1.553, 1.584, 1.621714285714286, 1.668, 1.7027170686456403, 1.738, 1.7701283739302172, 1.798267454350161, 1.834, 1.861, 1.8940677551020408, 1.926, 1.949, 1.9781302982731557, 2.007, 2.0343686224489796, 2.058]",1.2,25,-2.4,2.374,2.348
20,"[0.098, 0.108, 0.13093795918367354, 0.15, 0.16974149659863938, 0.187, 0.199, 0.215, 0.2314629430719658, 0.244, 0.258, 0.275, 0.294, 0.307, 0.333, 0.364, 0.394, 0.42, 0.4654200680272107, 0.509, 0.591, 0.7166233766233766, 0.8556775510204081, 0.9600865306122449, 1.0541355102040815, 1.15, 1.213, 1.2685624489795917, 1.328, 1.3659825072886298, 1.428, 1.468, 1.508, 1.549, 1.58, 1.63, 1.667, 1.697, 1.734960884353741, 1.7714591836734694, 1.803, 1.831, 1.8613095238095236, 1.8903461224489797, 1.917, 1.9453390022675736, 1.969, 2.0043020408163263, 2.030444270015698, 2.054]",1.2,25,-2.4,2.369,2.346
2,"[0.076, 0.081, 0.08653962980541055, 0.0935950590762622, 0.1, 0.11469387755102041, 0.1326020408163266, 0.15063594470046082, 0.168, 0.182, 0.20156377551020413, 0.216, 0.228, 0.242, 0.254668202764977, 0.270515606242497, 0.28822530612244895, 0.3061439312567133, 0.324, 0.3416375510204082, 0.3720867346938775, 0.401, 0.44356979591836726, 0.491970315398887, 0.5780448979591838, 0.681, 0.754, 0.824, 0.9199480519480521, 1.0146891679748824, 1.1187551020408166, 1.1875090702947848, 1.2484840283939664, 1.301, 1.3534965986394563, 1.3899873949579833, 1.4436023699802503, 1.4782710204081633, 1.5215731292517007, 1.5551895043731778, 1.5863908948194665, 1.626, 1.658, 1.6902605965463111, 1.721112574061883, 1.7491639941690964, 1.773, 1.8072283770651116, 1.8333838051349574, 1.861]",2.4,25,-2.4,1.976,1.978
3,"[0.078, 0.08166355685131194, 0.08892949907235628, 0.095, 0.105, 0.119, 0.13686224489795942, 0.153, 0.171, 0.18437551020408166, 0.20333048057932857, 0.21566086434573828, 0.2306538775510204, 0.24389183673469383, 0.2568639455782312, 0.27425469387755097, 0.289, 0.305, 0.3218608163265305, 0.348169332597904, 0.3691836734693878, 0.40561904761904755, 0.436, 0.5000503084954913, 0.5723387755102037, 0.6741444897959185, 0.745, 0.8103800330943187, 0.913, 0.987, 1.1020333951762524, 1.162, 1.229, 1.289, 1.348505306122449, 1.3920306122448978, 1.43574456879526, 1.4749322448979592, 1.5157590520078998, 1.552, 1.592, 1.62, 1.6526618075801747, 1.685196660482375, 1.7181151020408163, 1.747, 1.773, 1.8048220408163262, 1.833, 1.86]",2.4,25,-2.4,1.975,1.975
4,"[0.076, 0.08056122448979597, 0.08586185243328116, 0.09297108843537412, 0.102, 0.112, 0.1328010204081633, 0.15, 0.168, 0.18221400992829564, 0.19569387755102052, 0.21547095761381466, 0.2286201448321264, 0.24, 0.25834065934065936, 0.27137755102040817, 0.28653877551020407, 0.3042048104956268, 0.321, 0.34112705727452264, 0.363, 0.39809523809523795, 0.43256979591836725, 0.4869497645211935, 0.5477489795918369, 0.6650250463821895, 0.742, 0.785, 0.8999047619047621, 0.9866891679748825, 1.0935102040816334, 1.1603818027210886, 1.236, 1.296, 1.332, 1.379, 1.439, 1.475507446221732, 1.520125082290981, 1.555092548647366, 1.5945081632653064, 1.625431972789116, 1.6590952380952384, 1.6798548752834468, 1.7220943188086046, 1.7480246598639457, 1.782, 1.81, 1.8369914965986398, 1.86]",2.4,25,-2.4,1.98,1.98
5,"[0.076, 0.08051942067149441, 0.0861910946196661, 0.09421224489795912, 0.102, 0.116, 0.1322778649921507, 0.15182949308755755, 0.168, 0.182, 0.19587162606978278, 0.21377814351547067, 0.226, 0.24202176870748282, 0.2558051948051948, 0.27087755102040817, 0.286, 0.306, 0.32347278911564614, 0.34539755102040803, 0.3685867346938775, 0.40659523809523795, 0.441, 0.5043974732750242, 0.579, 0.6812977736549165, 0.7536661224489796, 0.8274528405956977, 0.924, 1.012, 1.124, 1.1778424036281179, 1.247428225527499, 1.305, 1.3451224489795919, 1.4012571428571425, 1.441978231292517, 1.479, 1.5220398886827455, 1.5528316326530607, 1.5825037105751392, 1.6264473469387752, 1.655394557823129, 1.6871877551020409, 1.7147338254450717, 1.7456997084548103, 1.777, 1.804311836734694, 1.833, 1.858]",2.4,25,-2.4,1.974,1.976
6,"[0.077, 0.08240408163265317, 0.08804300291545189, 0.09465027829313549, 0.10453884134298881, 0.11833965014577259, 0.131, 0.15255952380952395, 0.171, 0.18431972789115675, 0.197, 0.21747095761381466, 0.229, 0.2413856068743286, 0.25911969111969113, 0.273, 0.289, 0.3053982349696635, 0.3211181972789116, 0.346, 0.3660867346938775, 0.40009523809523795, 0.4349730320699709, 0.494, 0.5740448979591838, 0.6690459183673474, 0.742217687074831, 0.801, 0.8919047619047621, 0.986, 1.0967551020408166, 1.144, 1.2371040318566453, 1.289, 1.333, 1.380714285714286, 1.428989466754444, 1.4678317705460564, 1.5155731292517007, 1.551, 1.5840671494404217, 1.624, 1.653299539170507, 1.684, 1.7140943188086046, 1.7443673469387755, 1.7731302982731556, 1.805071836734694, 1.8321811224489797, 1.854]",2.4,25,-2.4,1.974,1.973
7,"[0.076, 0.07974917709019089, 0.08593795918367353, 0.092, 0.10073691215616677, 0.11300437317784255, 0.13244897959183805, 0.1485034013605442, 0.168, 0.181, 0.194, 0.215, 0.22828231292516984, 0.23926230492196873, 0.2584725274725274, 0.2703032069970845, 0.285, 0.30349459783913557, 0.3244200680272107, 0.343, 0.363, 0.401, 0.429, 0.4911802721088435, 0.566, 0.67, 0.7450334693877549, 0.8085021865889213, 0.909, 0.9865004081632652, 1.107, 1.161, 1.2343545918367347, 1.291642320085929, 1.332, 1.3950306122448979, 1.426, 1.472, 1.516, 1.552203607024205, 1.5927676609105177, 1.626, 1.651, 1.6885098948670376, 1.7187397959183668, 1.7490056689342401, 1.7812363396971689, 1.8093103241296518, 1.8382625231910945, 1.861]",2.4,25,-2.4,1.979,1.978
8,"[0.075, 0.079, 0.08587127158555742, 0.093, 0.101, 0.11564165666266507, 0.12839918367346934, 0.14979365079365087, 0.1682244897959185, 0.181, 0.19450530612244907, 0.21152276295133426, 0.2273866213151928, 0.24036920222634506, 0.2567969924812031, 0.27021795918367364, 0.2855723777883246, 0.304, 0.3231641156462586, 0.34039246467817913, 0.363251700680272, 0.40520238095238104, 0.434, 0.498, 0.5771475667189954, 0.6800562603419747, 0.763, 0.803, 0.927, 0.9998257456828886, 1.0989081632653064, 1.1568435374149668, 1.2426547159404304, 1.3001915868388172, 1.341, 1.384965250965251, 1.4306564625850344, 1.473568670711528, 1.5160680272108835, 1.551, 1.5825792778649925, 1.621, 1.652, 1.686, 1.718, 1.74664668367347, 1.7753469387755108, 1.803389455782313, 1.832074650912997, 1.856]",2.4,25,-2.4,1.972,1.973
9,"[0.077, 0.082, 0.08594996708360769, 0.09446693877551027, 0.102, 0.116, 0.134, 0.15231547619047628, 0.16939981447124317, 0.18641001855287576, 0.19678806907378352, 0.212, 0.22654457572502681, 0.242, 0.2584725274725274, 0.27122740524781336, 0.28778367346938766, 0.3061024750325662, 0.32121003401360537, 0.34, 0.3643877551020408, 0.39741269841269844, 0.4396775510204081, 0.495, 0.5712605965463107, 0.6721062424969988, 0.744, 0.8085624489795917, 0.8994603174603173, 0.982, 1.0980193340494093, 1.159, 1.224402825745683, 1.28, 1.3229900717043575, 1.39, 1.4188934240362812, 1.4686298952013235, 1.5128435374149638, 1.5482575030012005, 1.581, 1.6198503401360547, 1.6508171428571428, 1.6795581908439052, 1.711, 1.741, 1.769, 1.799, 1.826711020408163, 1.854]",2.4,25,-2.4,1.971,1.97
10,"[0.075, 0.07857725947521876, 0.08394601711652411, 0.0916047261009669, 0.1, 0.1144260204081633, 0.12839918367346934, 0.148, 0.165, 0.17970578231292536, 0.19825349087003236, 0.210673469387755, 0.225, 0.237, 0.251, 0.26735204081632674, 0.283, 0.3006573129251702, 0.3211406705539359, 0.3373002915451899, 0.36018877551020406, 0.39613492063492073, 0.42862367346938784, 0.49, 0.564, 0.6631095596133192, 0.7319419152276296, 0.8064963265306122, 0.8854380952380954, 0.982, 1.0918775510204086, 1.1644608843537416, 1.232, 1.286, 1.331, 1.3789585253456222, 1.4338351020408164, 1.471, 1.5150680272108836, 1.5532653061224488, 1.582203530060673, 1.6202823129251713, 1.6542023809523814, 1.683, 1.7140073469387758, 1.746, 1.7763469387755109, 1.7969572086899275, 1.8342836734693881, 1.857]",2.4,25,-2.4,1.973,1.973
11,"[0.076, 0.08, 0.084, 0.09246693877551027, 0.1, 0.114, 0.12747031539888695, 0.15, 0.16667660910518076, 0.18050340136054469, 0.19964030612244904, 0.21, 0.2239406307977737, 0.23840538033395173, 0.25193788819875773, 0.2686870748299319, 0.2847147959183673, 0.303, 0.319, 0.33882277121374876, 0.363, 0.3983095238095238, 0.43657572502685277, 0.49924036281179146, 0.5722605965463107, 0.6773010204081632, 0.7514941690962098, 0.7948310898827616, 0.918, 0.994, 1.1060386680988188, 1.163, 1.238402825745683, 1.291519322622666, 1.345505306122449, 1.3930306122448979, 1.43076264418811, 1.47, 1.5129217687074819, 1.5501786755518534, 1.5887676609105177, 1.6168503401360546, 1.6515521235521233, 1.6826656200941914, 1.709, 1.739, 1.771, 1.79925850340136, 1.827, 1.853]",2.4,25,-2.4,1.966,1.968
12,"[0.076, 0.07946474953617816, 0.0864579591836734, 0.093, 0.10124048538334249, 0.11677864992150691, 0.1294138775510205, 0.1503605442176872, 0.16739981447124316, 0.1843608163265307, 0.19936054421768717, 0.2145745682888539, 0.22547031539888682, 0.23978517722878612, 0.253, 0.2695306122448979, 0.28603287981859393, 0.301, 0.3241362382790954, 0.3423297529538132, 0.362, 0.40041269841269844, 0.442, 0.5001802721088435, 0.5702605965463107, 0.6604013605442177, 0.741, 0.7907043574186431, 0.8871904761904759, 0.9769825072886296, 1.1, 1.158, 1.23, 1.2794881632653061, 1.322, 1.385, 1.42376264418811, 1.4658697017268443, 1.5092212244897958, 1.5460640721404841, 1.5774635568513118, 1.6149144800777455, 1.646, 1.6758261224489794, 1.706, 1.736196840026333, 1.764, 1.79725850340136, 1.824807977736549, 1.846]",2.4,25,-2.4,1.966,1.965
13,"[0.075, 0.07936078717201173, 0.085, 0.091, 0.09993424036281205, 0.113, 0.1257689795918367, 0.147, 0.165, 0.17863656100738168, 0.19175072886297376, 0.21072489795918364, 0.22487384044526906, 0.237, 0.2550348432055749, 0.2672517006802721, 0.28151860744297713, 0.3013982349696635, 0.3157523441809156, 0.34007877551020405, 0.3580867346938775, 0.39306349206349195, 0.42656979591836724, 0.474, 0.562, 0.6540459183673474, 0.735, 0.795, 0.8984523809523811, 0.976, 1.07, 1.1613424036281181, 1.222, 1.2881503540191588, 1.3298469387755105, 1.374857142857143, 1.419, 1.4713079777365494, 1.5122751020408165, 1.551, 1.5782032653061224, 1.619, 1.651, 1.6817470461868957, 1.7087495361781078, 1.738, 1.7621882086167804, 1.802, 1.828, 1.849]",2.4,25,-2.4,1.969,1.969
14,"[0.075, 0.07978911564625844, 0.085, 0.09251391465677186, 0.09975784929356359, 0.115, 0.131, 0.149, 0.16641138560687443, 0.18365986394557837, 0.199, 0.21319749835418036, 0.22535827664399094, 0.23873265306122446, 0.253, 0.26721574344023324, 0.282, 0.3031093877551021, 0.31923639455782316, 0.341, 0.35970380584666295, 0.39309523809523794, 0.4387913832199546, 0.49649387755102053, 0.5660236305048335, 0.6670290010741141, 0.739, 0.8008427815570676, 0.887, 0.9838556851311955, 1.065, 1.1633818027210885, 1.2341122448979593, 1.282814693877551, 1.33, 1.377714285714286, 1.428, 1.473, 1.511, 1.5462210884353742, 1.5848469387755109, 1.617, 1.649, 1.679, 1.707, 1.737, 1.7697607709750567, 1.79677873254565, 1.824, 1.845]",2.4,25,-2.4,1.964,1.965
15,"[0.075, 0.08032982225148126, 0.08530128893662724, 0.09170693877551024, 0.101, 0.11452040816326488, 0.1274138775510205, 0.149, 0.16635183673469403, 0.18441001855287575, 0.193, 0.21177877551020405, 0.225, 0.23850643642072214, 0.255, 0.269, 0.283, 0.3032791545189503, 0.3172800453514738, 0.33771057513914665, 0.362, 0.39941269841269844, 0.4356775510204081, 0.49373414230557083, 0.5652605965463107, 0.6643010204081632, 0.7370464852607708, 0.8114242749731471, 0.891, 0.977977736549165, 1.0890386680988187, 1.1504639455782308, 1.2162406962785115, 1.2749506802721087, 1.3179900717043576, 1.3810451127819547, 1.4219232653061222, 1.4642392290249429, 1.5049608843537408, 1.541416909620991, 1.581, 1.605, 1.6442380952380944, 1.675196660482375, 1.702, 1.735, 1.763, 1.794, 1.8222625231910945, 1.846]",2.4,25,-2.4,1.965,1.965
16,"[0.073, 0.07910255102040824, 0.08450927643784788, 0.091, 0.10133632653061223, 0.114, 0.1295841147269719, 0.1472797619047619, 0.16431265306122458, 0.178, 0.196, 0.212, 0.222, 0.236, 0.24966820276497695, 0.2652517006802721, 0.28222530612244895, 0.30014336734693875, 0.32, 0.33610645339216766, 0.35708673469387747, 0.38638223938223937, 0.43, 0.47278231292517153, 0.5564979591836737, 0.652, 0.7338194662480378, 0.7952906784335356, 0.8955170068027214, 0.9803265306122454, 1.0732665066026412, 1.14, 1.2316415816326534, 1.2904852607709754, 1.323, 1.375, 1.4284727891156463, 1.4657506894649752, 1.511, 1.547, 1.5763908948194665, 1.6171672152732062, 1.6471904761904765, 1.6792605965463112, 1.70807586512866, 1.739208719851577, 1.769167638483965, 1.7973893662728249, 1.8249914965986398, 1.848]",2.4,25,-2.4,1.965,1.964
17,"[0.075, 0.07986938775510197, 0.086, 0.094, 0.10412119950020818, 0.11660459183673458, 0.1345340136054422, 0.15, 0.16631863067807764, 0.184, 0.1984346938775511, 0.21259013605442142, 0.228, 0.238, 0.2529657142857143, 0.27, 0.28367462456680775, 0.302299319727891, 0.322, 0.34047634508348784, 0.36722775510204075, 0.4014523809523809, 0.4382151360544217, 0.49131778425655964, 0.5722193877551018, 0.6648088077336197, 0.737, 0.805993469387755, 0.905, 0.979517006802721, 1.09, 1.162, 1.227, 1.2837697959183674, 1.3395816326530612, 1.386, 1.431, 1.4711673469387754, 1.5086767346938774, 1.5452786339025404, 1.5870375068946498, 1.613784580498866, 1.6458095238095232, 1.6780998542274053, 1.704280343716434, 1.7373358843537416, 1.7676766091051805, 1.796, 1.8229613319011817, 1.843]",2.4,25,-2.4,1.962,1.962
18,"[0.075, 0.079, 0.085, 0.091, 0.09953884134298882, 0.11386040816326529, 0.127, 0.14837301587301585, 0.165, 0.179, 0.19122448979591838, 0.209, 0.223, 0.23573265306122446, 0.24965714285714283, 0.2652517006802721, 0.2818008825151682, 0.2986139455782313, 0.3141181972789116, 0.33907877551020404, 0.3590867346938775, 0.39606349206349195, 0.4301726844583987, 0.4899738775510206, 0.5650345368916798, 0.668014892443464, 0.734, 0.7832502685284641, 0.8874523809523811, 0.965, 1.0766734693877555, 1.1444363459669582, 1.2077951895043733, 1.2709257884972172, 1.318, 1.3644285714285718, 1.4084727891156463, 1.457, 1.5021297651135928, 1.537, 1.567, 1.606431972789116, 1.639, 1.671067755102041, 1.6985319289005927, 1.734, 1.7591302982731556, 1.7903362708719852, 1.818, 1.841]",2.4,25,-2.4,1.962,1.961
19,"[0.074, 0.07814868804664715, 0.08452846401718583, 0.09062480376766098, 0.09750480192076834, 0.10981632653061225, 0.131, 0.14627380952380964, 0.163, 0.18090929705215414, 0.195, 0.20965677179962902, 0.22409959183673464, 0.2351687074829932, 0.24850285714285714, 0.267, 0.28, 0.2949615846338536, 0.31407884972170685, 0.33637985516787366, 0.3544693877551021, 0.384, 0.42122448979591803, 0.4882478134110787, 0.5567979591836735, 0.651, 0.7307926960257789, 0.797, 0.893, 0.976, 1.0843249607535324, 1.1459036281179138, 1.216, 1.277, 1.330265306122449, 1.3823428571428569, 1.423, 1.4615896501457724, 1.5060378297660528, 1.5412463217845276, 1.571612244897959, 1.610530612244898, 1.642, 1.673, 1.7, 1.7305697278911563, 1.758, 1.7896598639455774, 1.8168556851311952, 1.841]",2.4,25,-2.4,1.959,1.959
20,"[0.074, 0.078, 0.08425463821892391, 0.091, 0.099, 0.113, 0.127, 0.1467885714285715, 0.16435528756957335, 0.1770618828176432, 0.191, 0.20872489795918364, 0.221, 0.235, 0.24873979591836734, 0.263, 0.28, 0.2953038548752836, 0.319, 0.33604267161410023, 0.35708673469387747, 0.394, 0.43156979591836725, 0.47989115646258584, 0.5600204081632655, 0.6550612244897965, 0.7266088435374155, 0.7974302040816328, 0.875, 0.968, 1.046, 1.1484363459669582, 1.2187182356813695, 1.2762278911564628, 1.3216514913657773, 1.3689873949579834, 1.421, 1.4616056616194866, 1.5053852561432737, 1.5411075565361279, 1.5721373414230557, 1.6122073469387757, 1.642, 1.6761355102040818, 1.7017495361781079, 1.7305839874411304, 1.7575477551020409, 1.7920997732426307, 1.8196262083780883, 1.841]",2.4,25,-2.4,1.961,1.961
21,"[0.074, 0.078, 0.084, 0.09, 0.098, 0.11253276047261002, 0.12772086899275847, 0.14631547619047627, 0.1631999072356216, 0.177, 0.19, 0.2103395176252319, 0.22088361831218972, 0.2353185131195335, 0.25, 0.2655306122448979, 0.282, 0.30019265306122445, 0.321, 0.33616933259790405, 0.3611246355685131, 0.3972063492063492, 0.43357572502685277, 0.49008653061224494, 0.5625953859804791, 0.658, 0.7324925788497216, 0.774, 0.892, 0.9679183673469383, 1.077, 1.1377199546485257, 1.217, 1.2703083287369001, 1.326, 1.376, 1.4155658327847267, 1.46, 1.499921768707482, 1.534, 1.5767676609105177, 1.6055668934240364, 1.6396190476190475, 1.671, 1.7001798469387752, 1.727764081632653, 1.7622930612244896, 1.792419501133787, 1.817807977736549, 1.843]",2.4,25,-2.4,1.962,1.961
22,"[0.073, 0.07690136054421763, 0.08360257787325447, 0.0899727891156461, 0.097546741277156, 0.11253276047261002, 0.12786224489795942, 0.144, 0.162, 0.18, 0.19436588921282807, 0.208872448979592, 0.22164115646258492, 0.23331851311953353, 0.24666326530612243, 0.26525469387755096, 0.27945562411010916, 0.2973552875695732, 0.31306002400960375, 0.33032975295381317, 0.351, 0.38630952380952377, 0.425, 0.481, 0.5546155102040817, 0.6494013605442177, 0.7300334693877549, 0.802, 0.882, 0.9689825072886296, 1.081, 1.1475399659863943, 1.2181364124597207, 1.2714563265306122, 1.3119900717043576, 1.3741224489795916, 1.4109481522338665, 1.4566298952013235, 1.500606874328679, 1.534, 1.575, 1.6038503401360547, 1.6372108843537412, 1.665, 1.7002399338113623, 1.7256780045351474, 1.759, 1.787, 1.8142625231910945, 1.838]",2.4,25,-2.4,1.956,1.956
23,"[0.073, 0.07696376509787586, 0.08349659863945567, 0.09, 0.098, 0.11059790402647542, 0.12370693877551024, 0.14563095238095267, 0.16235183673469403, 0.17591947049089912, 0.19252040816326543, 0.20420991253644308, 0.2185445757250268, 0.23412789115646268, 0.2502457142857143, 0.263, 0.27745918367346917, 0.295, 0.3164200680272107, 0.33316933259790404, 0.35229081632653064, 0.3861547619047619, 0.42394104308390024, 0.476, 0.554, 0.6471901181525241, 0.723, 0.7975624489795917, 0.8920457142857142, 0.9639183673469383, 1.078, 1.1405399659863944, 1.206, 1.266, 1.3099900717043576, 1.3780306122448978, 1.419, 1.4556298952013236, 1.499, 1.5367836734693876, 1.575, 1.6082212674543501, 1.639825396825396, 1.671, 1.6979156094870378, 1.7282542517006803, 1.758, 1.7860620408163266, 1.8152625231910944, 1.841]",2.4,25,-2.4,1.955,1.955
24,"[0.073, 0.077, 0.08180045351473944, 0.0895950590762622, 0.0989730983302413, 0.109, 0.12619011815252418, 0.146, 0.162, 0.178, 0.18990204081632642, 0.208, 0.22062448979591837, 0.23326166180758018, 0.25, 0.26270122448979594, 0.2795495965828192, 0.296, 0.3127523441809156, 0.334, 0.3531156462585033, 0.3873214285714285, 0.42156979591836724, 0.48396562835660606, 0.563, 0.6550612244897965, 0.719, 0.795, 0.8794523809523811, 0.9606891679748825, 1.0597551020408167, 1.1363818027210886, 1.21, 1.2655359828141783, 1.3106514913657774, 1.357, 1.4126023699802501, 1.449, 1.495, 1.53036126791142, 1.5621373414230557, 1.603, 1.633, 1.6660546412113233, 1.7, 1.7273673469387756, 1.758, 1.7860579328505597, 1.81399149659864, 1.837]",2.4,25,-2.4,1.956,1.957
25,"[0.073, 0.078, 0.083, 0.089, 0.097, 0.10873155416012557, 0.12438448979591835, 0.1452797619047619, 0.16141138560687443, 0.174, 0.18850145772594748, 0.20763802363050474, 0.218, 0.23301554907677366, 0.246, 0.26237755102040816, 0.2757368804664723, 0.2970635975320361, 0.316, 0.33210645339216766, 0.3486209912536442, 0.38709523809523794, 0.426, 0.47, 0.5347489795918369, 0.6520612244897965, 0.7238194662480378, 0.798, 0.882, 0.9605959183673473, 1.071, 1.1373818027210885, 1.199, 1.2622278911564628, 1.3068469387755104, 1.365714285714286, 1.412, 1.448, 1.4927865646258505, 1.527686224489796, 1.5673908948194664, 1.6007879818594106, 1.6320952380952383, 1.661, 1.693, 1.7220174069627852, 1.747702470461869, 1.7840718367346942, 1.8093838051349573, 1.835]",2.4,25,-2.4,1.952,1.951
26,"[0.073, 0.07827302813017104, 0.083, 0.08897108843537412, 0.096, 0.11, 0.12438448979591835, 0.14255952380952394, 0.16041138560687443, 0.17731972789115674, 0.193, 0.20501749271137018, 0.22003741496598617, 0.23105442176870777, 0.2457816711590296, 0.261, 0.27747655819084394, 0.294229387755102, 0.311, 0.32830298273155406, 0.355, 0.38612698412698393, 0.42256979591836724, 0.4658911564625859, 0.5470448979591839, 0.6440612244897965, 0.7144261224489796, 0.7649481292517009, 0.867, 0.955, 1.0400038265306124, 1.1412695078031212, 1.2047182356813695, 1.262, 1.3062448979591845, 1.3564285714285718, 1.4019828141783033, 1.451507446221732, 1.495573129251701, 1.5324589078874793, 1.5683908948194665, 1.6037273469387756, 1.637, 1.6659157340355497, 1.697, 1.729, 1.7564860853432283, 1.785, 1.811, 1.838]",2.4,25,-2.4,1.953,1.951
27,"[0.073, 0.07732982225148126, 0.08232711370262387, 0.08835459183673457, 0.097, 0.11, 0.12560397131825712, 0.14384126984127002, 0.16035183673469403, 0.17388081632653074, 0.1877880690737835, 0.20677877551020404, 0.2176168656141702, 0.23188968560397127, 0.248, 0.2620306122448979, 0.2757836734693877, 0.29440136054421756, 0.3086130778842148, 0.3288302411873841, 0.3505816326530613, 0.3871547619047619, 0.419, 0.483, 0.5542605965463108, 0.6570218658892127, 0.724, 0.7933800330943187, 0.874595238095238, 0.957, 1.046754693877551, 1.1385399659863944, 1.1979044038668099, 1.2615547309833024, 1.3029806659505907, 1.366, 1.4099232653061222, 1.4447675244010647, 1.492, 1.5287295918367345, 1.5687676609105177, 1.597401360544219, 1.6303862433862433, 1.6621841076856274, 1.6942399338113623, 1.7251968400263331, 1.7544298880842657, 1.78262925170068, 1.811, 1.833]",2.4,25,-2.4,1.95,1.95
28,"[0.073, 0.07764285714285718, 0.08280952380952383, 0.08990285714285728, 0.09764857142857139, 0.11, 0.1292142857142857, 0.14274074074074067, 0.16140476190476208, 0.17385428571428574, 0.187, 0.206, 0.2201314285714285, 0.231, 0.24386363636363637, 0.264, 0.276059523809524, 0.29442285714285726, 0.3133364055299539, 0.331, 0.351, 0.389, 0.42099319727891155, 0.4794761904761906, 0.5526571428571431, 0.6562571428571429, 0.72, 0.7916457142857143, 0.8719354838709678, 0.9550476190476191, 1.0630779220779223, 1.137, 1.1909172932330827, 1.255551948051948, 1.3059340659340661, 1.369, 1.4077380952380953, 1.446714285714286, 1.488, 1.524, 1.5635604395604399, 1.596, 1.6276666666666662, 1.656, 1.6872619047619046, 1.7192764976958526, 1.749, 1.769, 1.8050057142857143, 1.831]",2.4,25,-2.4,1.949,1.948
29,"[0.073, 0.07574917709019088, 0.08091836734693887, 0.08853061224489796, 0.09660532069970842, 0.1090081632653061, 0.12488979591836755, 0.143, 0.159, 0.17260750728862978, 0.191, 0.205, 0.21728231292516983, 0.231, 0.246, 0.2584460641399417, 0.2746447313619325, 0.2907006802721087, 0.307811913954771, 0.3258302411873841, 0.34629081632653064, 0.382, 0.41057572502685274, 0.468, 0.529, 0.6391165240289665, 0.709, 0.7803800330943187, 0.8611904761904758, 0.9479825072886295, 1.066, 1.131, 1.203, 1.2568027210884347, 1.304, 1.370020905923345, 1.41, 1.450618075801749, 1.492960884353741, 1.5287295918367345, 1.564, 1.6008503401360545, 1.630658986175115, 1.659139634801289, 1.695, 1.723, 1.747, 1.780081632653061, 1.8059562682215742, 1.835]",2.4,25,-2.4,1.95,1.949
30,"[0.072, 0.07609419152276299, 0.082, 0.08827147603227338, 0.09567795918367343, 0.108, 0.12147031539888695, 0.142, 0.15935183673469402, 0.17291236494597848, 0.185, 0.20370891514500528, 0.2175445757250268, 0.23089183673469385, 0.247, 0.2615306122448979, 0.275, 0.291, 0.31221003401360536, 0.32911661807580184, 0.3493877551020408, 0.3814821428571428, 0.4206775510204081, 0.4790772594752187, 0.552, 0.6501165240289665, 0.720553469387755, 0.7796391465677179, 0.8727936507936507, 0.9495004081632652, 1.066, 1.1276171039844507, 1.2043833425261996, 1.2575547309833024, 1.3059591836734696, 1.3630389610389608, 1.4086074113856069, 1.4418826530612243, 1.4885241187384044, 1.525, 1.559, 1.5948503401360545, 1.628, 1.658, 1.6917397959183669, 1.7192905733722061, 1.7478140589569158, 1.7756629361421987, 1.8035339038841338, 1.831]",2.4,25,-2.4,1.946,1.948
31,"[0.072, 0.07729711884753908, 0.082, 0.0881441326530613, 0.09666816326530611, 0.10897773654916519, 0.122, 0.1430396825396826, 0.15935528756957335, 0.173, 0.18584081632653066, 0.20086297376093307, 0.21724897959183664, 0.2278466629895201, 0.24749206349206349, 0.2602517006802721, 0.2763326915671929, 0.2931093877551021, 0.30756809662640566, 0.33210645339216766, 0.34908673469387747, 0.3781269841269839, 0.42356979591836724, 0.4689738775510206, 0.5484979591836737, 0.6400459183673474, 0.710343647136274, 0.7804302040816328, 0.857, 0.946747448979592, 1.053, 1.13, 1.191, 1.2531503540191586, 1.2981224489795922, 1.338, 1.3939851576994435, 1.4417510204081634, 1.4845731292517008, 1.5191658163265305, 1.5521373414230557, 1.592431972789116, 1.623, 1.6516994434137293, 1.6817495361781079, 1.7170328798185943, 1.737, 1.7731995464852612, 1.801, 1.823]",2.4,25,-2.4,1.944,1.942
32,"[0.071, 0.07645083487940618, 0.08160096670247043, 0.08788184747583246, 0.09553171538885828, 0.108, 0.1253868274582559, 0.14, 0.15844557823129254, 0.1713297529538133, 0.184, 0.20407214048410052, 0.21830926216640503, 0.22872346938775515, 0.24164055299539178, 0.25913657770800635, 0.2721882086167804, 0.29, 0.30448044217687076, 0.32256586270871995, 0.346, 0.3763869047619047, 0.411, 0.46159353741496595, 0.5388040816326533, 0.627, 0.7045766951942067, 0.7781869651086242, 0.8714761904761904, 0.947292517006803, 1.06, 1.119736637512148, 1.201, 1.261, 1.2961360544217693, 1.359, 1.4059217687074832, 1.442705282112845, 1.4846262083780883, 1.5234693877551024, 1.5545335276967942, 1.596, 1.6265476190476196, 1.656, 1.6892002206287922, 1.7152060252672499, 1.7485562870309417, 1.7779559613319016, 1.804, 1.827]",2.4,25,-2.4,1.945,1.945
33,"[0.072, 0.076, 0.08, 0.08798185941043073, 0.094, 0.10651447555766488, 0.12, 0.14, 0.158, 0.17175170068027235, 0.1890408163265305, 0.20085445757250267, 0.21388361831218972, 0.22831851311953352, 0.2458195488721804, 0.2593032069970845, 0.2734611586570112, 0.28940136054421756, 0.30742006802721067, 0.3248302411873841, 0.347, 0.38130952380952376, 0.4136775510204081, 0.45773414230557086, 0.5446155102040817, 0.6431641929499072, 0.723, 0.7925624489795917, 0.8714603174603173, 0.9519623233908946, 1.0620293877551021, 1.122463945578231, 1.189, 1.259, 1.2983755102040817, 1.3620451127819548, 1.405, 1.4404522448979589, 1.482, 1.5244591836734696, 1.550321922317314, 1.59, 1.62, 1.6521730612244898, 1.6859863945578226, 1.7104735894357743, 1.742, 1.7687020408163265, 1.798, 1.821]",2.4,25,-2.4,1.941,1.943
34,"[0.072, 0.07574917709019088, 0.08161509254864738, 0.08798639455782305, 0.09471664050235477, 0.1091156462585033, 0.12488979591836755, 0.141, 0.15735183673469402, 0.17175170068027235, 0.18471757735352212, 0.2, 0.21664115646258492, 0.2293197278911565, 0.242, 0.26, 0.274, 0.28853514739229014, 0.304, 0.32916933259790404, 0.3473877551020408, 0.38020634920634916, 0.4156775510204081, 0.47124036281179144, 0.5406994434137291, 0.6341641929499072, 0.7120464852607707, 0.7617400644468312, 0.8621904761904758, 0.936, 1.0520293877551021, 1.1116171039844507, 1.181, 1.2419506802721088, 1.293, 1.343, 1.397, 1.4354353741496575, 1.4779608843537408, 1.5139727891156463, 1.5447676609105176, 1.588, 1.6183095238095238, 1.648, 1.682, 1.7133446712018139, 1.7387730612244898, 1.769, 1.7975228091236493, 1.821]",2.4,25,-2.4,1.941,1.94
35,"[0.071, 0.074, 0.08, 0.08694217687074823, 0.09593424036281205, 0.107, 0.12169716919025675, 0.139, 0.15531265306122458, 0.169, 0.1859554730983302, 0.19872489795918366, 0.21414656771799628, 0.22556357927786488, 0.2389493087557604, 0.25570122448979593, 0.271, 0.2871093877551021, 0.3016473659231134, 0.32608951762523186, 0.343, 0.37903088803088797, 0.40967832847424673, 0.4529497645211935, 0.516, 0.632014892443464, 0.7021805603597371, 0.7574643898375678, 0.861, 0.9338959183673475, 1.015, 1.1185090702947849, 1.1806415816326534, 1.246, 1.293, 1.343714285714286, 1.401, 1.437, 1.4822751020408165, 1.5191075565361278, 1.549, 1.589, 1.6214131274131274, 1.6532692990239575, 1.6809372448979594, 1.7153673469387756, 1.7387851140456185, 1.774, 1.802, 1.828]",2.4,25,-2.4,1.944,1.943
36,"[0.07, 0.074, 0.0804579591836734, 0.0861670918367347, 0.094, 0.1077786499215069, 0.1179615567157096, 0.140420634920635, 0.1573532182103615, 0.174, 0.189, 0.20252619966905686, 0.2135445757250268, 0.22796818727490997, 0.24093788819875772, 0.2563032069970845, 0.2717153598281417, 0.289, 0.3036130778842148, 0.32332653061224514, 0.34608163265306163, 0.37587969924812026, 0.40919387755102055, 0.469, 0.5451539888682745, 0.6456020408163267, 0.7243144712430426, 0.7982765306122449, 0.8767834101382488, 0.947, 1.0680293877551021, 1.1271598639455775, 1.1943833425261996, 1.252, 1.307, 1.356, 1.3976802721088435, 1.437932244897959, 1.4769804421768706, 1.516, 1.544321922317314, 1.5849281632653063, 1.618, 1.6458856068743286, 1.6768751020408161, 1.7070170068027202, 1.7374759475218657, 1.765604081632653, 1.793, 1.819]",2.4,25,-2.4,1.936,1.937
37,"[0.072, 0.07644138585666832, 0.08190723562152148, 0.088, 0.09737833594976476, 0.11, 0.11994092373791636, 0.142, 0.1592363945578236, 0.17529356357927803, 0.1884096565455451, 0.2027250268528464, 0.21576417233560094, 0.22811564625850342, 0.24197428571428575, 0.258, 0.2726668505239935, 0.2908044217687077, 0.3028054105363076, 0.3238163265306126, 0.3446326530612248, 0.38026190476190536, 0.4106577708006282, 0.4641784068466098, 0.5325007849293564, 0.623, 0.697138775510204, 0.7695499462943073, 0.858, 0.9371173469387758, 1.0430955102040818, 1.115, 1.1813487940630798, 1.237, 1.296, 1.3471285714285717, 1.39, 1.4306282404853832, 1.47487074829932, 1.5093418367346938, 1.5494548104956278, 1.581, 1.6166825396825402, 1.6440362080315998, 1.6771919470490901, 1.7085510204081633, 1.7363893249607536, 1.7644600340136056, 1.7933020408163276, 1.818]",2.4,25,-2.4,1.934,1.933
38,"[0.071, 0.07487673469387754, 0.07927891156462605, 0.08682731554160128, 0.093, 0.107, 0.12455102040816296, 0.13872619047619048, 0.15373387755102044, 0.167, 0.18626530612244893, 0.20063137755102037, 0.215, 0.22677097505668917, 0.2407771428571429, 0.25619727891156474, 0.272, 0.288, 0.304, 0.326, 0.344, 0.3717738095238094, 0.4093010204081633, 0.45628489795918376, 0.5276464779460173, 0.6203265306122452, 0.6955313411078718, 0.7488052950910095, 0.8574787644787645, 0.9311253644314871, 1.0138475971033576, 1.1106445578231294, 1.191, 1.239, 1.2965689795918367, 1.3490857142857142, 1.393, 1.4305349854227405, 1.477, 1.512437641723356, 1.5443893877551023, 1.586, 1.6172738095238097, 1.6511497959183674, 1.6802963265306121, 1.7125148423005567, 1.7408211856171045, 1.7714302721088442, 1.7986032653061224, 1.823]",2.4,25,-2.4,1.942,1.941
39,"[0.07, 0.07509329446064134, 0.08, 0.088, 0.09582294539437396, 0.106, 0.126, 0.14, 0.15815252416756193, 0.17345918367346913, 0.186, 0.20165192743764174, 0.21556122448979584, 0.2276621315192744, 0.246, 0.25929624753127056, 0.27297732426303833, 0.2886408163265306, 0.31000081632653065, 0.32450358521787087, 0.34971114599686026, 0.384436974789916, 0.41811758989309994, 0.471, 0.5418979591836744, 0.6420437317784252, 0.714, 0.7898423005565863, 0.8781654135338345, 0.9552302040816326, 1.057, 1.1139988662131521, 1.1864706436420722, 1.240128163265306, 1.3012346938775514, 1.346, 1.392, 1.424, 1.4720085582620144, 1.5072399338113625, 1.5469489795918367, 1.5796314868804664, 1.609, 1.6395910666153253, 1.6696969580284944, 1.703, 1.733, 1.7614625850340138, 1.7894955102040817, 1.815]",2.4,25,-2.4,1.931,1.932
40,"[0.071, 0.07493658892128276, 0.081, 0.087, 0.09443795918367345, 0.1067786499215069, 0.11886224489795941, 0.1396309523809527, 0.156, 0.168, 0.18452040816326543, 0.19777877551020406, 0.21, 0.226, 0.23827922077922073, 0.25453061224489787, 0.2713036734693877, 0.2876005830903789, 0.306, 0.32422376093294464, 0.34, 0.372, 0.402, 0.45608653061224497, 0.527, 0.6194013605442177, 0.693, 0.746, 0.8500914285714284, 0.9263396501457726, 1.04, 1.106, 1.1752676164805544, 1.2298027210884348, 1.279, 1.341, 1.3708401360544216, 1.426, 1.469947845804988, 1.5049846938775508, 1.5465685131195333, 1.5719281632653062, 1.6096589861751152, 1.638, 1.672, 1.7052542517006803, 1.7335830903790086, 1.76025850340136, 1.789, 1.815]",2.4,25,-2.4,1.931,1.93
41,"[0.069, 0.073, 0.079, 0.085, 0.091, 0.1045248979591836, 0.11872086899275847, 0.1363154761904763, 0.15239981447124315, 0.16591947049089917, 0.17936588921282806, 0.195, 0.20882775510204077, 0.22389183673469384, 0.23669585253456218, 0.25225469387755095, 0.26809863945578194, 0.284, 0.306, 0.318, 0.33838775510204083, 0.3741003861003861, 0.402, 0.456, 0.5262605965463107, 0.6231641929499072, 0.693, 0.757, 0.848, 0.9219825072886296, 1.0390193340494092, 1.0985399659863944, 1.1763545918367346, 1.237, 1.2799868804664725, 1.341, 1.3924616326530612, 1.431, 1.4727590520079, 1.5099727891156463, 1.548, 1.5828287172011661, 1.614, 1.646075801749271, 1.6807397959183668, 1.708, 1.738, 1.76662925170068, 1.795, 1.819]",2.4,25,-2.4,1.938,1.938
42,"[0.069, 0.073, 0.079, 0.08483236151603499, 0.093, 0.10386040816326528, 0.117, 0.137, 0.15331265306122457, 0.167, 0.185, 0.197, 0.209, 0.2248466629895201, 0.237, 0.255, 0.2697368804664723, 0.287, 0.30271985157699444, 0.32410645339216765, 0.3400867346938775, 0.37164285714285716, 0.404, 0.4648911564625859, 0.5390345368916799, 0.638, 0.713, 0.781, 0.853, 0.9416891679748824, 1.0321913265306124, 1.1157636054421771, 1.174, 1.234, 1.282, 1.328714285714286, 1.382, 1.421628071636818, 1.467430839002268, 1.503, 1.537267454350161, 1.5752073469387755, 1.6082539682539687, 1.641, 1.665, 1.7010493197278913, 1.719547755102041, 1.756149659863946, 1.784, 1.806]",2.4,25,-2.4,1.93,1.931
43,"[0.07, 0.074, 0.07874149659863973, 0.08694557823129218, 0.09249731471535985, 0.1050081632653061, 0.12054457572502693, 0.13742063492063503, 0.154, 0.16600680272108867, 0.17971757735352212, 0.19929877551020406, 0.212, 0.224, 0.24, 0.254, 0.2669291716686675, 0.2852189239332096, 0.301752551020408, 0.32116933259790403, 0.338, 0.36859693877551014, 0.4076775510204081, 0.45508653061224497, 0.523, 0.6144013605442177, 0.6864463462804477, 0.7563270052206928, 0.8348801843317971, 0.915951020408163, 1.034, 1.088, 1.156, 1.229, 1.273, 1.3341224489795915, 1.379, 1.417954219525648, 1.4649776482021377, 1.501203607024205, 1.532321922317314, 1.576610633727175, 1.606, 1.637233866519581, 1.67, 1.697764081632653, 1.73, 1.75862925170068, 1.7862676252319107, 1.812]",2.4,25,-2.4,1.93,1.928
44,"[0.069, 0.07226020408163292, 0.079, 0.08395748299319736, 0.09123386651958078, 0.10187265306122452, 0.115, 0.135, 0.15133224489795938, 0.165, 0.178558309037901, 0.19383673469387752, 0.209, 0.22129008746355683, 0.235, 0.251, 0.2667444897959184, 0.2860250164581963, 0.29745780474351907, 0.31826852846401726, 0.33558503401360557, 0.3702698412698414, 0.40327629513343827, 0.452, 0.5191475667189954, 0.6143469387755106, 0.6719697959183675, 0.7383372717508055, 0.8446638655462185, 0.9174897959183685, 0.996, 1.096, 1.1638012889366274, 1.226, 1.274, 1.3307857142857145, 1.383, 1.4237514577259478, 1.4678446712018138, 1.5060841836734695, 1.5454530612244906, 1.5786411564625857, 1.612, 1.6421627137341424, 1.675, 1.7011394557823132, 1.7287574344023326, 1.7635192743764174, 1.79, 1.816]",2.4,25,-2.4,1.933,1.933
45,"[0.069, 0.07208477237048673, 0.07850600240096045, 0.0845950590762622, 0.09093222949557182, 0.10473155416012557, 0.11880102040816329, 0.1363197278911565, 0.15331265306122457, 0.16655793842960914, 0.17952551020408164, 0.19848979591836738, 0.20824897959183664, 0.22238560687432862, 0.2387551020408163, 0.2550695732838591, 0.26847655819084393, 0.2871093877551021, 0.3008979591836735, 0.32030298273155405, 0.3400867346938775, 0.377, 0.41238499724214006, 0.457, 0.5326552094522022, 0.6290612244897965, 0.6974842300556587, 0.7708962585034016, 0.8632360248447206, 0.928, 1.0048775510204082, 1.101, 1.1704281789638933, 1.2312946938775513, 1.2864457572502686, 1.321, 1.3678139255702282, 1.4169881847475834, 1.461573129251701, 1.5, 1.5281814868804664, 1.5669570354457572, 1.6001523809523814, 1.6331092824226467, 1.662, 1.696, 1.7231676384839651, 1.742843389529725, 1.779, 1.804]",2.4,25,-2.4,1.923,1.923
46,"[0.068, 0.074, 0.07854936569222286, 0.08515561224489815, 0.09160094752186587, 0.10254540816326531, 0.11870901909150754, 0.13534013605442186, 0.1522244897959185, 0.16908819241982515, 0.17798330241187388, 0.193, 0.2066438446346281, 0.22229008746355683, 0.23879699248120304, 0.251, 0.26784601113172557, 0.285, 0.30310645339216774, 0.31623191094619674, 0.33525170068027205, 0.365, 0.395, 0.449, 0.5145567346938777, 0.612, 0.6787482993197286, 0.7514963265306123, 0.8333650793650794, 0.9148257456828887, 0.997, 1.083, 1.1624325801749271, 1.2195088126159555, 1.2703119533527696, 1.316, 1.3732719387755103, 1.413, 1.459, 1.4961384205856256, 1.5263423005565864, 1.5617607709750572, 1.6002312925170072, 1.6342408163265307, 1.661, 1.6931394557823132, 1.7243469387755108, 1.7541869387755102, 1.7815298833819242, 1.807]",2.4,25,-2.4,1.924,1.922
47,"[0.068, 0.07240408163265316, 0.07729484425349084, 0.08394217687074824, 0.09, 0.10225026852846401, 0.11669716919025676, 0.13355952380952396, 0.15, 0.16334795918367348, 0.17632215743440238, 0.192, 0.2058439051296194, 0.22017869586859132, 0.2336688311688312, 0.249515606242497, 0.266, 0.2823982349696635, 0.2966473659231134, 0.3191406705539358, 0.3350867346938775, 0.36504761904761895, 0.4, 0.443, 0.5150345368916799, 0.6030612244897965, 0.6797653061224493, 0.7374888682745827, 0.8421566820276498, 0.9171088435374152, 0.999, 1.0864363459669584, 1.1681936850211783, 1.224, 1.27, 1.332, 1.378, 1.4194121132323898, 1.464, 1.504, 1.5306216640502357, 1.574, 1.6056948051948052, 1.637, 1.6690326530612245, 1.6953416721527323, 1.719, 1.757, 1.785, 1.808]",2.4,25,-2.4,1.929,1.928
48,"[0.068, 0.07134693877551053, 0.07597300855826204, 0.0839149659863947, 0.09034612244897954, 0.10375510204081641, 0.117, 0.135, 0.15116612244897967, 0.165, 0.18312536443148703, 0.197, 0.2066438446346281, 0.219, 0.24058730158730174, 0.251, 0.2657444897959184, 0.285, 0.30132823129251707, 0.3173924646781791, 0.339, 0.371, 0.4076236734693878, 0.458, 0.522191836734694, 0.624, 0.69, 0.7586530612244897, 0.8530228571428572, 0.921, 1.0288163265306127, 1.095, 1.173, 1.2211292517006815, 1.2774220408163264, 1.327857142857143, 1.372, 1.408, 1.4568668610301263, 1.4941720904578046, 1.5325792778649925, 1.5639406307977741, 1.597, 1.6255255102040815, 1.6571994733377222, 1.6895273206056616, 1.7206604081632657, 1.749222546161322, 1.777, 1.801]",2.4,25,-2.4,1.92,1.92
49,"[0.069, 0.07332784726793953, 0.078, 0.084, 0.09, 0.1039816326530615, 0.11786530612244894, 0.13370656370656372, 0.15033224489795938, 0.16387390670553945, 0.17743784786641945, 0.19552276295133428, 0.208, 0.22, 0.238, 0.25145408163265337, 0.264, 0.282, 0.301, 0.3153924646781791, 0.336, 0.3671349206349207, 0.3945048335123525, 0.451, 0.51608719851577, 0.608231292517007, 0.6764965986394572, 0.7197873601053324, 0.838, 0.9068257456828887, 1.0128775510204084, 1.0815267249757048, 1.149, 1.2165215419501136, 1.2628116169544743, 1.311, 1.369, 1.4063616326530615, 1.4530127551020406, 1.49, 1.5315792778649924, 1.561873349339736, 1.595714285714286, 1.626, 1.66, 1.6901593780369293, 1.7176604081632656, 1.749137454981993, 1.776780880773362, 1.801]",2.4,25,-2.4,1.922,1.921
50,"[0.067, 0.07047346938775512, 0.07570068027210923, 0.08276870748299307, 0.09, 0.1, 0.116, 0.132, 0.148, 0.16154648526077106, 0.17892464678178951, 0.19053301320528215, 0.204, 0.2183330241187384, 0.2306688311688312, 0.2482157434402332, 0.264, 0.28039823496966354, 0.2951181972789116, 0.314, 0.3321156462585033, 0.365, 0.3946783284742468, 0.437, 0.5120204081632654, 0.6080220408163267, 0.6848194662480379, 0.7285404871626071, 0.838, 0.912, 1.018, 1.0894363459669583, 1.168180758017493, 1.21821668667467, 1.267, 1.317, 1.371, 1.4146056616194866, 1.457, 1.494, 1.5271639236339696, 1.5677273469387756, 1.5983714285714288, 1.6284578670177747, 1.66, 1.6917153598281416, 1.7136520894071916, 1.748, 1.776, 1.804]",2.4,25,-2.4,1.923,1.923
51,"[0.068, 0.07313877551020406, 0.0781399416909621, 0.08609211252068388, 0.091, 0.104, 0.12125687666370899, 0.13537142857142848, 0.15172959183673468, 0.16808897959183686, 0.182, 0.19709833024118742, 0.21, 0.22442642320085943, 0.24, 0.2530495626822157, 0.268, 0.28266326530612257, 0.30123415682062304, 0.316619415333701, 0.3394318630678078, 0.372, 0.40230126336248795, 0.45342691671263097, 0.5221306122448981, 0.6115075707702436, 0.6943298400441258, 0.7456668505239934, 0.849, 0.9252778143515472, 1.0382929558920344, 1.098, 1.166, 1.2175489795918368, 1.275, 1.3277755102040818, 1.3681459968602827, 1.4111519274376418, 1.4531412872841445, 1.4880326530612245, 1.5193475971033574, 1.5549297959183674, 1.5848961038961036, 1.6237673469387757, 1.654, 1.6821486880466472, 1.708, 1.745090036014406, 1.772, 1.798]",2.4,25,-2.4,1.915,1.916
52,"[0.068, 0.07205739795918363, 0.07727346938775526, 0.08379020408163279, 0.09083346938775516, 0.10166479591836743, 0.113, 0.1336011904761906, 0.151, 0.16325117739403466, 0.181, 0.195, 0.209, 0.2194978134110788, 0.234, 0.249, 0.263, 0.2821374865735769, 0.296, 0.318, 0.33306122448979647, 0.366, 0.39376816326530606, 0.4444580498866217, 0.514069387755102, 0.6051458583433375, 0.6772656705539359, 0.7217680890538034, 0.823, 0.902983302411874, 0.985, 1.088, 1.157082787832114, 1.212, 1.257928979591837, 1.3069285714285712, 1.35, 1.4018913403199118, 1.4499886621315188, 1.4849940750493749, 1.527, 1.553, 1.5838721804511278, 1.6247760472610098, 1.657, 1.6820631681243925, 1.707, 1.7454891375905204, 1.7740032653061226, 1.795]",2.4,25,-2.4,1.921,1.919
53,"[0.066, 0.06926020408163293, 0.074, 0.081, 0.09, 0.10030983302411876, 0.11583163265306118, 0.13059523809523832, 0.14737755102040834, 0.16059766763848402, 0.1733440233236153, 0.188, 0.202, 0.21762480376766077, 0.234, 0.248, 0.2636003949967084, 0.27942636514065095, 0.2936729947793071, 0.312, 0.33025170068027204, 0.3591011904761905, 0.39362367346938787, 0.442, 0.505, 0.6070612244897959, 0.6727482993197286, 0.749, 0.827, 0.9127734693877552, 0.9926326530612253, 1.0729217687074832, 1.1516056122448979, 1.2118955102040816, 1.257, 1.3098928571428574, 1.363, 1.403, 1.449, 1.487, 1.520242922975642, 1.560349721706865, 1.5934047619047629, 1.622470006184292, 1.6543836734693877, 1.6815785089546025, 1.716, 1.7451869387755103, 1.7722182103610677, 1.796]",2.4,25,-2.4,1.916,1.916
54,"[0.067, 0.07104408163265309, 0.077, 0.08296695821185614, 0.09072626441881099, 0.10058135686707116, 0.1138010204081633, 0.13127976190476193, 0.14731265306122457, 0.16088968560397138, 0.17432215743440238, 0.1878801020408164, 0.20462448979591835, 0.2163330241187384, 0.233, 0.2462157434402332, 0.2618014842300557, 0.27939823496966354, 0.29475234418091556, 0.31117903525046375, 0.3321156462585033, 0.36038223938223934, 0.398, 0.44078231292517156, 0.5080345368916799, 0.604, 0.676, 0.7413469387755103, 0.835, 0.907, 0.9838775510204083, 1.0893818027210886, 1.150180758017493, 1.212, 1.2634965986394562, 1.312, 1.3575782312925173, 1.4049881847475834, 1.449, 1.4833316326530612, 1.519, 1.5582879818594106, 1.5896948051948052, 1.6210720798957883, 1.654124635568513, 1.683, 1.711547755102041, 1.742085519922255, 1.7676741277156025, 1.79]",2.4,25,-2.4,1.914,1.913
55,"[0.067, 0.07036734693877564, 0.07641776710684275, 0.08210482374768094, 0.08840136054421772, 0.10073155416012558, 0.116, 0.13227976190476193, 0.14831265306122457, 0.16072789115646266, 0.181, 0.194, 0.20687384044526905, 0.219, 0.233, 0.2487551020408163, 0.261, 0.281, 0.295, 0.31230298273155405, 0.333, 0.36204761904761895, 0.391, 0.43797031539888703, 0.5081567717996291, 0.6010612244897965, 0.6704842300556588, 0.7089598420013167, 0.822, 0.897, 0.971, 1.063763605442177, 1.145, 1.2061601597160605, 1.2489304267161412, 1.3, 1.3598487940630801, 1.402, 1.4471297651135928, 1.488, 1.5143908948194664, 1.5572356215213359, 1.5816114285714287, 1.6210639199075858, 1.6476595918367347, 1.6840190915075708, 1.7121302982731557, 1.7403370262390672, 1.7679914965986399, 1.79]",2.4,25,-2.4,1.915,1.914
56,"[0.066, 0.06984183673469385, 0.07536142198815007, 0.08197108843537412, 0.088, 0.098, 0.11319011815252417, 0.13, 0.14615632653061225, 0.15958782798833823, 0.176, 0.18848979591836737, 0.20324897959183666, 0.21256357927786487, 0.23262613981762917, 0.2453137755102041, 0.25970530612244896, 0.279, 0.297057892544773, 0.30927755102040816, 0.33203061224489794, 0.36603088803088796, 0.3955697959183673, 0.4289738775510206, 0.5064979591836737, 0.607, 0.6818194662480379, 0.7179745939192004, 0.8325170068027213, 0.9037873254564986, 0.9944769065520946, 1.079, 1.143, 1.205, 1.251, 1.301857142857143, 1.355, 1.398507446221732, 1.4437641723356012, 1.478547728768927, 1.5182081632653068, 1.5505759637188214, 1.58, 1.6170769944341374, 1.648, 1.6800246598639457, 1.7096520894071916, 1.7383148067737735, 1.7679914965986399, 1.793]",2.4,25,-2.4,1.914,1.913
57,"[0.066, 0.07040653061224508, 0.07527031189834424, 0.08075773535220551, 0.08854279131007241, 0.097, 0.10874424663482414, 0.1292976190476191, 0.14533224489795937, 0.159, 0.177, 0.191, 0.203, 0.215, 0.231, 0.245, 0.2609874917709019, 0.27785170068027226, 0.291, 0.3079501133786849, 0.329, 0.360202380952381, 0.39274246841593796, 0.439, 0.4996326530612246, 0.603231292517007, 0.6639419152276297, 0.7343372717508055, 0.815, 0.9026224489795919, 1.0026326530612253, 1.0785267249757047, 1.142764030612245, 1.215159693877551, 1.256, 1.306, 1.3628351020408165, 1.3984109461966607, 1.4434844253490873, 1.4805346938775512, 1.5225792778649925, 1.5547949465500488, 1.5857899159663869, 1.6180029154518953, 1.6458122448979593, 1.6786538775510207, 1.7096604081632656, 1.7376394557823127, 1.76543637454982, 1.789]",2.4,25,-2.4,1.905,1.904
58,"[0.066, 0.07078061224489798, 0.076, 0.082, 0.08871658986175111, 0.1, 0.118, 0.1314166666666667, 0.14681168831168834, 0.164, 0.17884415584415592, 0.19270129870129865, 0.20614935064935055, 0.2175765306122449, 0.23089285714285715, 0.24854761904761913, 0.26103401360544226, 0.2796100386100387, 0.298, 0.3123640552995391, 0.33290476190476176, 0.36133333333333334, 0.3926813186813187, 0.4402285714285716, 0.509657142857143, 0.5995357142857142, 0.666, 0.7361183673469388, 0.8261081081081081, 0.8970342857142858, 1.0011318681318684, 1.0703991596638656, 1.1328428571428573, 1.2042453416149068, 1.2468571428571433, 1.312, 1.349915057915058, 1.394, 1.4437301587301588, 1.478, 1.5096428571428575, 1.552, 1.586, 1.613533163265306, 1.645127413127413, 1.6764700460829491, 1.703, 1.7355584415584415, 1.7650064935064935, 1.785]",2.4,25,-2.4,1.908,1.908
59,"[0.065, 0.069, 0.07478200371057514, 0.0805191326530613, 0.087, 0.09772088835534215, 0.115, 0.12860544217687075, 0.145, 0.15808719851577, 0.17653644314868805, 0.18991224489795897, 0.20401726844583976, 0.215, 0.22770857142857143, 0.245, 0.279, 0.285, 0.2923481392557022, 0.2978775510204082, 0.3112816326530612, 0.325, 0.34191609977324233, 0.3686831875607384, 0.4084960753532181, 0.46, 0.5442904906643509, 0.6357615955473098, 0.7234047619047617, 0.8460315997366689, 0.906, 0.987, 1.0870110544217686, 1.1520621521335805, 1.2200587755102041, 1.274582857142857, 1.3229455782312922, 1.3779827315541602, 1.423, 1.459, 1.498, 1.5384473469387754, 1.565832142857143, 1.604, 1.6423795918367345, 1.663890538033395, 1.703099869735128, 1.724371234207969, 1.757, 1.79]",2.4,25,-2.4,1.906,1.915
60,"[0.076, 0.08061421988150097, 0.086353557639272, 0.09521374865735764, 0.106, 0.11343367346938776, 0.13175874635568524, 0.14654761904761912, 0.16313860544217704, 0.1777162767546043, 0.193, 0.207, 0.21927664399092947, 0.2325695732838591, 0.245, 0.264, 0.27901920768307326, 0.29603387755102045, 0.314, 0.3361183673469389, 0.3639795918367345, 0.3919935064935065, 0.43468979591836737, 0.488, 0.5603627087198516, 0.635, 0.704, 0.781244081632653, 0.8586825396825398, 0.9294258861439313, 1.029, 1.0996226660877118, 1.1612176870748296, 1.22, 1.2786994434137289, 1.329, 1.3744107965766952, 1.4223070500927641, 1.4641193092621663, 1.4996376172090458, 1.5299378478664192, 1.571945578231292, 1.6037261904761904, 1.6373070500927644, 1.6733159973666885, 1.699, 1.733, 1.7527655434266727, 1.783, 1.819]",2.4,25,-2.4,1.93,1.93
61,"[0.075, 0.08056802721088438, 0.0868806907378337, 0.09222693877551011, 0.10180480579328502, 0.11279354532510676, 0.13, 0.14563095238095267, 0.162, 0.176, 0.19240979591836746, 0.2032099125364431, 0.217, 0.231, 0.24656146179401991, 0.265, 0.277, 0.29540136054421756, 0.3135600907029476, 0.33448194662480385, 0.36215862708719854, 0.3938796992481203, 0.441, 0.49379806659505915, 0.5740891514500536, 0.645, 0.711553469387755, 0.796, 0.8751904761904759, 0.9715686456400741, 1.0305093877551021, 1.123, 1.183651086240948, 1.2364506802721087, 1.2959717425431712, 1.351, 1.3899481522338664, 1.4438697017268443, 1.472, 1.517, 1.551, 1.5864638218923934, 1.617, 1.6456656200941915, 1.683437551020408, 1.71200566893424, 1.7447730612244898, 1.7643020408163266, 1.795, 1.829]",2.4,25,-2.4,1.944,1.944
62,"[0.078, 0.083, 0.089877551020408, 0.0983822886297376, 0.109, 0.123, 0.14146938775510137, 0.15669480519480514, 0.17, 0.18208897959183667, 0.1975646258503393, 0.212, 0.22777210884353724, 0.2442132116004297, 0.25363095238095207, 0.27111884753901555, 0.285, 0.3035527572731219, 0.3281779591836734, 0.3501567346938774, 0.38103231292517004, 0.418, 0.46568480725623573, 0.5422647545504687, 0.6010884353741496, 0.6984557823129247, 0.7544772370486654, 0.82222693877551, 0.9193233082706764, 1.0161044897959184, 1.0743968850698173, 1.1451962323390894, 1.1989183673469388, 1.254, 1.3104981447124304, 1.356738095238095, 1.3922711370262382, 1.443925788497217, 1.49, 1.524, 1.554, 1.587, 1.6196949806949805, 1.6500102040816325, 1.6880261224489794, 1.7058848979591836, 1.7453836734693877, 1.7707116524028965, 1.797502354788069, 1.827]",2.4,25,-2.4,1.939,1.94
63,"[0.078, 0.0833007202881153, 0.0894579591836734, 0.09557011191573407, 0.10584572812175717, 0.12044244897959179, 0.137, 0.15063095238095267, 0.165, 0.1823608163265307, 0.19564030612244904, 0.20885445757250265, 0.22230775510204073, 0.23559183673469378, 0.252, 0.2693032069970845, 0.282, 0.30053514739229015, 0.318, 0.34520408163265315, 0.3667699944842802, 0.415, 0.4548066083576287, 0.5160697827518105, 0.597, 0.6548415366146458, 0.727553469387755, 0.8141585557299841, 0.8951904761904759, 0.9733804081632651, 1.063, 1.1342929171668665, 1.193886479591837, 1.2477873601053324, 1.303, 1.3544147465437788, 1.396, 1.445, 1.4815241187384045, 1.513, 1.554, 1.5898503401360546, 1.618928571428571, 1.65, 1.6827813411078716, 1.709764081632653, 1.7467730612244898, 1.7740989352262644, 1.7984442700156982, 1.829]",2.4,25,-2.4,1.944,1.943
64,"[0.078, 0.08247755102040814, 0.08886185243328115, 0.09533253301320535, 0.10477693402942574, 0.11838040816326532, 0.135, 0.149, 0.165, 0.17831673469387757, 0.19411224489795922, 0.208, 0.222, 0.23372852396772661, 0.24817714285714287, 0.2681812244897959, 0.2804332810047096, 0.301, 0.3201575963718821, 0.343, 0.365, 0.407, 0.446, 0.5119497645211935, 0.5970179591836735, 0.659, 0.742, 0.8199481292517008, 0.8987448979591838, 0.972, 1.0714118738404455, 1.1315272108843542, 1.2037503256621798, 1.255, 1.313, 1.351857142857143, 1.406, 1.453356605800215, 1.487, 1.529, 1.562, 1.5959570354457573, 1.6286114285714286, 1.6621092824226467, 1.6953297959183675, 1.719, 1.752547755102041, 1.777, 1.804, 1.838]",2.4,25,-2.4,1.949,1.948
65,"[0.079, 0.08537877551020405, 0.09070770243581291, 0.10046539485359358, 0.11248979591836739, 0.12673387755102045, 0.144, 0.1578045112781953, 0.17214500537056918, 0.184, 0.2, 0.2133017098731384, 0.226, 0.24174522712310728, 0.2566313364055299, 0.27180163265306123, 0.287, 0.3056791836734692, 0.327, 0.354, 0.38801551020408165, 0.428, 0.47901306122448967, 0.5572647545504688, 0.618, 0.7133893877551017, 0.767, 0.852, 0.9434725274725271, 1.025, 1.096173469387755, 1.1681962323390895, 1.215, 1.2627577353522053, 1.327353522053983, 1.358738095238095, 1.421, 1.457, 1.4919016697588126, 1.531478458049886, 1.562, 1.5966497959183672, 1.6290285714285713, 1.660425279789335, 1.688, 1.7166506602641058, 1.7507378335949764, 1.778, 1.8029329446064142, 1.83]",2.4,25,-2.4,1.947,1.948
66,"[0.079, 0.08457101207830071, 0.08993416721527317, 0.1, 0.10789836734693878, 0.12031632653061242, 0.13935510204081622, 0.15348809523809503, 0.17027793974732744, 0.184, 0.2, 0.21086938775510203, 0.22396635410921123, 0.23916909620991245, 0.2529323308270675, 0.27234393757503006, 0.2870954810495627, 0.3061632653061223, 0.3255789871504157, 0.35, 0.38248144712430415, 0.415942857142857, 0.46563775510203986, 0.5317108843537413, 0.6153804081632651, 0.6705816326530609, 0.7416927437641723, 0.8310748299319722, 0.915, 1.0115145772594751, 1.0816955102040815, 1.1523544356518116, 1.207, 1.2660148423005564, 1.319, 1.364407142857143, 1.403, 1.4600336458907888, 1.4901711145996857, 1.5218644314868803, 1.5627278911564626, 1.595, 1.6255238095238096, 1.66, 1.692607948442535, 1.712, 1.7506200941915229, 1.773, 1.8041584317937702, 1.834]",2.4,25,-2.4,1.948,1.946
67,"[0.077, 0.08349413808076422, 0.08993795918367353, 0.0961670918367347, 0.106, 0.12, 0.137, 0.15026190476190535, 0.165399889685604, 0.179, 0.19236054421768717, 0.209, 0.22336637512147706, 0.235, 0.2494336734693877, 0.27, 0.28258398744113017, 0.30240136054421757, 0.3241362382790954, 0.34503790087463554, 0.3793877551020408, 0.413, 0.447, 0.52, 0.609, 0.6736505102040816, 0.747, 0.8272944606413989, 0.915, 0.98765843179377, 1.081668505239934, 1.159, 1.2127236734693878, 1.2637281632653061, 1.319, 1.3674591836734695, 1.409, 1.4574353741496575, 1.4923719552337062, 1.532, 1.5674536178107605, 1.601, 1.6298171428571426, 1.6598653061224489, 1.6965757250268527, 1.726, 1.7594326530612239, 1.78, 1.8085775510204076, 1.841]",2.4,25,-2.4,1.952,1.951
68,"[0.079, 0.084, 0.09, 0.09694217687074824, 0.10633632653061223, 0.11943228200371055, 0.1388010204081633, 0.1513197278911565, 0.168, 0.18131673469387757, 0.19385149804602692, 0.2111643394199786, 0.22451870748299307, 0.237, 0.256142857142857, 0.273, 0.285, 0.3056139455782313, 0.3237523441809156, 0.35, 0.376, 0.4260952380952379, 0.4671726844583987, 0.537, 0.6230345368916799, 0.689, 0.7605947521865891, 0.838, 0.9225170068027214, 1.008, 1.1045102040816335, 1.1645037105751392, 1.222, 1.2708747931605073, 1.328, 1.357, 1.4097133364973897, 1.4596775510204083, 1.491861555432984, 1.526, 1.5673908948194664, 1.601, 1.6301904761904766, 1.666260596546311, 1.692433941997852, 1.72, 1.7537607709750567, 1.7774541681079212, 1.803, 1.837]",2.4,25,-2.4,1.948,1.949
69,"[0.08, 0.08542439703153985, 0.09248822605965441, 0.10116271373414241, 0.112, 0.126, 0.144, 0.15803759398496248, 0.17135487528344684, 0.18551145356101625, 0.20023341836734695, 0.213, 0.22770816326530632, 0.24315007849293563, 0.257, 0.2723228200371058, 0.2883764172335603, 0.309, 0.33016489795918363, 0.354, 0.3881469387755102, 0.4310952380952383, 0.4785526530612245, 0.5367482993197279, 0.6254465306122448, 0.6916122448979598, 0.7606258503401362, 0.84, 0.9194135338345865, 0.9912157434402334, 1.084, 1.158, 1.2220861678004535, 1.2606465677179963, 1.3200759183673472, 1.3653642857142858, 1.4111020408163266, 1.453, 1.4916100966702472, 1.521688775510204, 1.5626875981161694, 1.59643537414966, 1.627, 1.6622128279883381, 1.6896654518950438, 1.7196122448979594, 1.7534048538334253, 1.782, 1.8030251177394034, 1.835]",2.4,25,-2.4,1.951,1.951
70,"[0.078, 0.084, 0.08892816326530621, 0.09688435374149645, 0.10770068027210887, 0.122, 0.1378010204081633, 0.15074603174603174, 0.16878163265306118, 0.17865986394557837, 0.19156377551020412, 0.20847095761381465, 0.223, 0.2357285239677266, 0.251, 0.26692266380236307, 0.28343328100470955, 0.302, 0.32607666850524, 0.348, 0.38, 0.415, 0.469, 0.53, 0.6130179591836735, 0.685, 0.7670745522698876, 0.836, 0.9188095238095242, 0.99, 1.077, 1.1369233314947602, 1.2124265306122453, 1.2626851311953353, 1.315, 1.365714285714286, 1.4119828141783033, 1.4571783029001075, 1.495, 1.5296064139941692, 1.559, 1.5982073469387756, 1.628, 1.6595646258503407, 1.6965319289005927, 1.7196916712630999, 1.755, 1.775, 1.807, 1.837]",2.4,25,-2.4,1.952,1.952
71,"[0.078, 0.084, 0.0897796751353603, 0.09636471362738648, 0.10766816326530611, 0.12138040816326533, 0.1392040816326538, 0.15063594470046082, 0.1673126530612246, 0.17963656100738168, 0.197, 0.20947095761381465, 0.2247689795918367, 0.2377013963480128, 0.2508051948051948, 0.2715034013605441, 0.285, 0.307, 0.32823639455782316, 0.35, 0.3860867346938775, 0.421, 0.47110204081632645, 0.537649838882922, 0.6240204081632654, 0.6829020408163267, 0.762, 0.84461500275786, 0.9298095238095242, 0.9998959183673475, 1.0748775510204083, 1.1462108843537415, 1.2225566326530612, 1.2704813925570229, 1.3276514913657773, 1.363, 1.4151319411485526, 1.4586775510204082, 1.496764172335601, 1.5264589078874793, 1.560948979591837, 1.6002073469387756, 1.627, 1.6592605965463112, 1.693, 1.7195436734693879, 1.753, 1.7735948979591838, 1.8039659863945596, 1.836]",2.4,25,-2.4,1.947,1.947
72,"[0.079, 0.085, 0.09180952380952383, 0.10059523809523868, 0.11157142857142838, 0.126, 0.13862637362637356, 0.154, 0.16771428571428582, 0.18070857142857152, 0.197, 0.21020238095238064, 0.22461142857142846, 0.23814965986394546, 0.255, 0.27135204081632663, 0.287, 0.307, 0.32737244897959183, 0.35093142857142856, 0.38627067669172943, 0.42, 0.4649931972789116, 0.535, 0.6185990783410139, 0.683, 0.7538571428571428, 0.8323186813186813, 0.9284444444444446, 0.9921428571428574, 1.0846949806949808, 1.155042471042471, 1.207, 1.257, 1.3159340659340661, 1.358, 1.41, 1.446987012987013, 1.490797619047619, 1.519, 1.562728571428572, 1.5917936507936519, 1.624, 1.6581566820276497, 1.6922619047619047, 1.7125776397515529, 1.749, 1.7781904761904765, 1.801, 1.832]",2.4,25,-2.4,1.943,1.942
73,"[0.078, 0.082, 0.088, 0.0949727891156461, 0.10578832463217844, 0.12107261509254857, 0.134, 0.14863095238095267, 0.165, 0.1775011337868481, 0.19440979591836746, 0.205, 0.22011292517006792, 0.23331972789115651, 0.25, 0.2671720904578047, 0.28, 0.29896181698485835, 0.3211362382790954, 0.3441484230055659, 0.37315862708719855, 0.40730952380952373, 0.457, 0.5172403628117914, 0.5968098818474759, 0.6675340136054421, 0.7353641245972072, 0.816, 0.887, 0.967, 1.0639160997732426, 1.1338373930217247, 1.1917405247813413, 1.243728163265306, 1.2949900717043574, 1.347, 1.38876264418811, 1.4395139146567715, 1.478843537414964, 1.5115879757308328, 1.5512094522019333, 1.5848503401360545, 1.615, 1.644, 1.676, 1.71, 1.7413944189920865, 1.7623020408163266, 1.7935775510204075, 1.826]",2.4,25,-2.4,1.939,1.938
74,"[0.075, 0.08108727746417714, 0.086, 0.096, 0.10362172011661806, 0.114, 0.1332778649921507, 0.147, 0.16355265306122455, 0.17770837808807735, 0.1918911564625849, 0.20439104674127712, 0.21801726844583977, 0.23303628117913808, 0.243, 0.2638367346938776, 0.2775442176870748, 0.2954557823129248, 0.3173681972789116, 0.34, 0.3685867346938775, 0.40180571428571427, 0.4459160997732423, 0.5105941043083899, 0.594, 0.661, 0.728, 0.813, 0.8974047619047617, 0.998, 1.0500061224489794, 1.1373094543940023, 1.2020071704357418, 1.2435346938775511, 1.313, 1.351116883116883, 1.394, 1.442, 1.4840675039246463, 1.5126210700496414, 1.5504432653061224, 1.5836213151927436, 1.612899613899614, 1.643870991253644, 1.678, 1.7068905380333952, 1.739, 1.7712784256559766, 1.792310418904404, 1.824]",2.4,25,-2.4,1.935,1.936
75,"[0.076, 0.081, 0.08688622448979591, 0.093, 0.103, 0.1197786499215069, 0.13354457572502693, 0.147, 0.16267660910518075, 0.1763608163265307, 0.193, 0.20477877551020404, 0.21864115646258492, 0.23268602825745668, 0.24598069498069494, 0.26277469387755104, 0.278, 0.29685058309037893, 0.3181360544217685, 0.3387306122448981, 0.37413959183673473, 0.4037597402597404, 0.444, 0.51, 0.597, 0.6771444897959185, 0.7293096209912536, 0.8091585557299842, 0.89, 0.981, 1.063056514913658, 1.1292489795918366, 1.186506559766764, 1.2359840044125758, 1.289, 1.3455142857142857, 1.3876802721088435, 1.4324522448979589, 1.4724489795918367, 1.506587975730833, 1.544356413994169, 1.5777006802721094, 1.6086190476190476, 1.638, 1.6725757250268527, 1.7026895810955962, 1.7367730612244898, 1.7567076308784382, 1.788, 1.82]",2.4,25,-2.4,1.932,1.931
76,"[0.075, 0.08039249271137026, 0.0866171039844509, 0.09535286372613559, 0.10545725317153891, 0.118, 0.1329298469387754, 0.1469761904761897, 0.165, 0.17538163265306106, 0.191, 0.20388884064264, 0.21812851627137336, 0.23422546161321658, 0.245, 0.265, 0.27814852607709756, 0.29740816326530617, 0.31902530612244895, 0.3404757653061222, 0.36634508348794054, 0.4019350649350648, 0.44963775510203985, 0.5057108843537412, 0.588, 0.661, 0.72, 0.813747680890538, 0.8994920634920635, 0.9819162191192267, 1.065, 1.130560236998025, 1.1918201875344732, 1.243, 1.301, 1.3502350230414746, 1.398, 1.4403627386438447, 1.477, 1.515, 1.5481039844509232, 1.5816621911922661, 1.6115238095238096, 1.64, 1.679607948442535, 1.7068801020408162, 1.737620094191523, 1.771, 1.7894631083202512, 1.817]",2.4,25,-2.4,1.934,1.934
77,"[0.075, 0.081, 0.08693822393822392, 0.09381318681318705, 0.10814857142857139, 0.11953383458646612, 0.13507619047619035, 0.14755555555555566, 0.16393984962406027, 0.18, 0.192, 0.20526984126984094, 0.222, 0.23610138248847917, 0.2456756756756757, 0.26541474654377883, 0.28011904761904793, 0.2992857142857144, 0.32128185328185327, 0.34459398496240595, 0.3684285714285714, 0.404, 0.454, 0.5184523809523812, 0.5993458646616542, 0.658, 0.7383257142857143, 0.8175918367346937, 0.8954444444444446, 0.9970276497695854, 1.0625485714285716, 1.1345654761904762, 1.189827922077922, 1.2407834101382489, 1.298934065934066, 1.343, 1.385, 1.4343133640552996, 1.4725037593984966, 1.5045250965250965, 1.544331168831169, 1.5783968253968257, 1.610578947368421, 1.6403736263736264, 1.6701885714285714, 1.6976179401993354, 1.736, 1.7671904761904764, 1.7880064935064937, 1.818]",2.4,25,-2.4,1.931,1.931
78,"[0.075, 0.081, 0.08727210884353725, 0.096, 0.10586054421768687, 0.11564232008592892, 0.13401113172541743, 0.1460952380952369, 0.162, 0.17586394557823118, 0.192, 0.2048802363050482, 0.219, 0.23095306122448958, 0.24379262672811058, 0.26155102040816314, 0.27710884353741494, 0.29639115646258496, 0.314, 0.343, 0.36923469387755103, 0.40263428571428567, 0.4502998430141288, 0.511078231292517, 0.5930791836734693, 0.6541683673469388, 0.7264824489795918, 0.812004081632653, 0.8940119047619048, 0.9631179138321995, 1.0432223415682063, 1.131223158828749, 1.1838855151816825, 1.2393338775510205, 1.296, 1.3326302521008404, 1.387, 1.4343413729128014, 1.47, 1.51, 1.544476558190844, 1.579, 1.611, 1.644, 1.671883995703545, 1.698553469387755, 1.7356608357628767, 1.758076734693878, 1.787, 1.823]",2.4,25,-2.4,1.935,1.934
79,"[0.076, 0.0803860891295294, 0.08624416909621006, 0.0957755102040817, 0.10235949764521222, 0.117, 0.13419679300291548, 0.147, 0.16419557823129274, 0.173610612244898, 0.191, 0.20400850340136045, 0.21711337868480754, 0.234, 0.24561776061776064, 0.2601479591836736, 0.2775646258503408, 0.29590843905129627, 0.316, 0.3384927113702625, 0.3662546938775511, 0.40087662337662355, 0.449, 0.512, 0.593, 0.6604132653061228, 0.7249489795918368, 0.8142150706436423, 0.9, 0.9922349427575908, 1.0702510204081634, 1.134509387755102, 1.194, 1.245, 1.300863422291994, 1.3523594470046083, 1.39, 1.443, 1.481, 1.519, 1.5518515769944345, 1.5862661224489796, 1.6166628571428572, 1.646, 1.6871574344023326, 1.709, 1.7415111317254177, 1.7655125144397381, 1.794006279434851, 1.826]",2.4,25,-2.4,1.938,1.939
80,"[0.078, 0.084, 0.09109363745498197, 0.09950888742593805, 0.11003061224489787, 0.122, 0.13804238618524337, 0.15504761904761913, 0.168905612244898, 0.18151814058956903, 0.19639183673469363, 0.209, 0.22167800453514744, 0.24207387755102044, 0.2522738095238093, 0.2684795918367344, 0.2842168367346938, 0.305, 0.32605023547880685, 0.354, 0.38, 0.426, 0.47000680272108863, 0.54050863422292, 0.6216780045351473, 0.7122718367346936, 0.766, 0.8453708454810495, 0.941, 1.034, 1.0709871106337272, 1.157, 1.2097448979591834, 1.26, 1.317, 1.3617946428571428, 1.3987733236151603, 1.45, 1.4884992150706433, 1.523, 1.557, 1.5892511773940345, 1.619994285714286, 1.6524015799868335, 1.679481632653061, 1.7109833024118737, 1.743, 1.7737346938775505, 1.793, 1.825]",2.4,25,-2.4,1.937,1.937
81,"[0.079, 0.08497052154195013, 0.08978339517625229, 0.09916435860058308, 0.10999781341107864, 0.123, 0.13692376950780308, 0.1551657142857141, 0.17010479867622724, 0.181, 0.19604810495626823, 0.2095450680272107, 0.226034013605442, 0.24, 0.2539314285714286, 0.266, 0.28438411078717185, 0.303, 0.3245466078323221, 0.3496632653061221, 0.3777077551020407, 0.422, 0.4695736961451247, 0.5332229199372053, 0.6098227712137486, 0.6973367346938771, 0.7390078492935634, 0.836513469387755, 0.929022857142857, 0.983372244897959, 1.0560136054421758, 1.144, 1.2005425170068025, 1.253, 1.3042492711370264, 1.351492857142857, 1.3971202426916711, 1.4481673469387752, 1.4862235621521334, 1.513425170068027, 1.5501156462585035, 1.5865055658627085, 1.6138095238095234, 1.642, 1.683, 1.7069573283859, 1.7396766091051807, 1.7663412244897958, 1.7919265306122452, 1.822]",2.4,25,-2.4,1.936,1.935
82,"[0.076, 0.08151115329852872, 0.087, 0.097, 0.10860910518053378, 0.121, 0.135, 0.14865079365079345, 0.164, 0.17850854936569213, 0.192, 0.20562925170067975, 0.2183657770800626, 0.238, 0.25158857142857144, 0.26389335088874266, 0.2812227891156463, 0.301, 0.32402040816326527, 0.3465444897959181, 0.379, 0.4155873015873014, 0.4548885400313969, 0.5262513914656771, 0.606, 0.6728954081632652, 0.743, 0.8264523018509728, 0.9204920634920635, 0.993, 1.0756955102040815, 1.142, 1.2030757077024359, 1.263, 1.318, 1.346, 1.408, 1.446418967587035, 1.4801711145996856, 1.512933673469387, 1.558, 1.588, 1.62087012987013, 1.6532735797021512, 1.681607948442535, 1.7142950680272107, 1.744542195256481, 1.7723057765479073, 1.796059423769508, 1.828]",2.4,25,-2.4,1.94,1.94
83,"[0.076, 0.083, 0.088659863945578, 0.0972878625134264, 0.10853833425261998, 0.121, 0.136, 0.14965079365079345, 0.16648639455782305, 0.17685528756957314, 0.19381632653061207, 0.208, 0.22067020408163254, 0.236, 0.251, 0.2644575725026853, 0.28209548104956267, 0.30228391356542617, 0.32260155490767745, 0.348, 0.36980890538033384, 0.413942857142857, 0.4638885400313969, 0.5277108843537412, 0.6127315541601255, 0.6787908163265304, 0.752778775510204, 0.8357779591836734, 0.911, 0.991, 1.0686955102040814, 1.1493343337334934, 1.209, 1.2562558869701723, 1.314, 1.346, 1.4014666048237476, 1.4450691609977329, 1.4881711145996857, 1.5194668367346935, 1.5478833819241982, 1.5874865306122448, 1.61443537414966, 1.645460111317254, 1.681404081632653, 1.7062950680272106, 1.73850612244898, 1.762, 1.7902408163265309, 1.822]",2.4,25,-2.4,1.934,1.933
84,"[0.077, 0.082, 0.08834013605442187, 0.09446276889134028, 0.10562018140589571, 0.12034693877551016, 0.134170784103115, 0.14904761904761912, 0.1650272108843539, 0.17810518053375202, 0.188, 0.204, 0.21995748299319734, 0.23250122448979588, 0.246, 0.2655340136054422, 0.2788194662480379, 0.29788361831218974, 0.3220559578670179, 0.34539650145772594, 0.3674815223386652, 0.41050857142857144, 0.45453061224489816, 0.516, 0.603, 0.6708104956268223, 0.744, 0.817, 0.899, 0.982, 1.068528979591837, 1.127525306122449, 1.188950180072029, 1.2432454981992798, 1.298, 1.343, 1.391, 1.4331462585034014, 1.472, 1.51, 1.545392393320965, 1.5767782312925174, 1.605667701863354, 1.637, 1.6771386922115785, 1.6986734693877552, 1.734572502685285, 1.7554098639455782, 1.7852959183673478, 1.819]",2.4,25,-2.4,1.931,1.93
85,"[0.074, 0.08014868804664724, 0.0861395655036207, 0.09246741277156023, 0.102, 0.118, 0.13307535321821012, 0.1449453781512605, 0.16030557087699937, 0.173, 0.1903129251700681, 0.203, 0.217, 0.2308122448979588, 0.24696598639455775, 0.26133795918367336, 0.2757394034536891, 0.2958940719144799, 0.31777097505668916, 0.3373002915451888, 0.3702106122448978, 0.4044523809523809, 0.45550706436420696, 0.51, 0.595, 0.659, 0.7313496598639453, 0.8112621664050234, 0.8912976190476186, 0.9970141287284144, 1.05, 1.133, 1.1839515306122448, 1.246, 1.301, 1.3326949806949806, 1.381, 1.431481632653061, 1.4730156985871263, 1.506, 1.541697521865889, 1.575, 1.6067238095238099, 1.635, 1.675542274052478, 1.7013526077097505, 1.734, 1.7565440386680988, 1.7848107606679033, 1.817]",2.4,25,-2.4,1.93,1.928
86,"[0.075, 0.081, 0.087, 0.09615774958632108, 0.1072040816326532, 0.11860244897959177, 0.134, 0.15001298701298704, 0.16199591836734697, 0.17398040816326535, 0.1918972303206998, 0.20449397031539882, 0.21685387755102034, 0.229, 0.245, 0.26416712630998346, 0.2784829931972791, 0.297, 0.315, 0.3437105751391466, 0.3664897959183673, 0.4099880952380952, 0.455, 0.5168054421768705, 0.5914406307977735, 0.6688877551020408, 0.7394548104956269, 0.8188251516822944, 0.9055119047619048, 0.987, 1.072, 1.1381191836734694, 1.189, 1.2387108320251177, 1.2889387755102049, 1.3426541353383459, 1.385, 1.434078031212485, 1.474, 1.5024897959183674, 1.542, 1.5754441776710684, 1.6066285714285715, 1.635, 1.676, 1.698, 1.7304865306122448, 1.7519827315541603, 1.782129251700679, 1.816]",2.4,25,-2.4,1.928,1.929
87,"[0.076, 0.07977551020408162, 0.087, 0.09349721706864575, 0.10455048335123526, 0.11835591836734703, 0.133, 0.1468193277310924, 0.16083780880773363, 0.17537868480725616, 0.192, 0.2033673469387754, 0.21722643343051495, 0.23051836734693879, 0.24639768339768342, 0.26371335807050095, 0.27928257456828903, 0.2986933259790403, 0.32002636054421785, 0.34240064446831364, 0.3656938775510203, 0.40838961038961036, 0.4489625850340135, 0.525, 0.5991700680272105, 0.6617908163265307, 0.7355261996690567, 0.815, 0.8818764478764479, 0.9761423200859292, 1.0485948232951716, 1.126, 1.191, 1.238822990420658, 1.2970340136054417, 1.33, 1.3847098731384446, 1.4340510204081631, 1.4667357970215114, 1.4999387755102034, 1.5424873469387754, 1.576, 1.6064057142857144, 1.6339248979591836, 1.669358130348914, 1.6967172011661806, 1.7306717687074833, 1.754, 1.784, 1.816]",2.4,25,-2.4,1.93,1.93
88,"[0.077, 0.08198859543817529, 0.088, 0.097, 0.109, 0.12058262014483201, 0.134, 0.152, 0.166, 0.176, 0.193, 0.20591156462585042, 0.219, 0.236259982253771, 0.24898051948051944, 0.26636734693877545, 0.28141124374278015, 0.3005938117182357, 0.322, 0.346, 0.37932448979591854, 0.414, 0.461, 0.552, 0.602, 0.6920306122448976, 0.7493913994169096, 0.8254332096474954, 0.909, 0.9822302040816326, 1.0673351235230937, 1.139, 1.1942159863945578, 1.2451281632653062, 1.303, 1.335, 1.3860031397174255, 1.436, 1.4740204081632653, 1.5108356605800215, 1.543, 1.578413729128015, 1.6077485714285715, 1.642, 1.672, 1.7007068645640078, 1.732, 1.759, 1.785, 1.819]",2.4,25,-2.4,1.931,1.931
89,"[0.076, 0.08136516034985428, 0.0878806907378337, 0.09373346938775513, 0.10294147092799381, 0.11653276047261002, 0.133, 0.147, 0.1609655976676385, 0.1745011337868481, 0.1910163265306122, 0.20474860853432275, 0.218, 0.23121752115480337, 0.24739440993788817, 0.2625096670247046, 0.2785839874411302, 0.29840136054421756, 0.32, 0.345, 0.37113959183673473, 0.409, 0.462548752834467, 0.524, 0.6021783029001073, 0.6763010204081632, 0.7423144712430426, 0.8097043574186431, 0.910103896103896, 0.9779623233908946, 1.053, 1.1404799697656838, 1.194, 1.2445547309833025, 1.299, 1.34, 1.3856802721088435, 1.438, 1.4736260932944605, 1.5088702040816326, 1.5467676609105176, 1.58022126745435, 1.6108171428571427, 1.64, 1.673, 1.703764081632653, 1.7365223386651956, 1.7625408163265306, 1.7877359693877546, 1.82]",2.4,25,-2.4,1.932,1.932
90,"[0.075, 0.08085204081632646, 0.086, 0.09263119533527696, 0.10367795918367342, 0.116, 0.13272448979591883, 0.14663095238095267, 0.16073724489795932, 0.1735011337868481, 0.1906542617046819, 0.203, 0.217, 0.23048647365923117, 0.24343367346938768, 0.261, 0.278, 0.2982534908700322, 0.3208200371057513, 0.34601396348012886, 0.37064540816326536, 0.412, 0.46519755102040816, 0.53, 0.6111783029001073, 0.679, 0.7396982901268615, 0.8286060749881347, 0.9212539682539679, 0.9975004081632652, 1.061, 1.1440435992578848, 1.194, 1.2456423200859292, 1.2999717425431712, 1.349, 1.3858401360544215, 1.436, 1.4744612244897959, 1.506587975730833, 1.5449979591836733, 1.579, 1.6086190476190476, 1.6378653061224488, 1.6727057274522712, 1.70001700680272, 1.736, 1.7673595724003888, 1.785, 1.817]",2.4,25,-2.4,1.93,1.93
91,"[0.076, 0.081, 0.0871308523409364, 0.09352405247813411, 0.10274149659863935, 0.11859647495361778, 0.13308418367346966, 0.147, 0.16131413994169108, 0.175, 0.192, 0.204, 0.218, 0.232, 0.24468253968253956, 0.2655306122448979, 0.2798905380333952, 0.29940136054421757, 0.321, 0.343, 0.373, 0.41430952380952374, 0.4583799058084772, 0.527, 0.6052605965463107, 0.666, 0.7399227405247812, 0.8288024489795917, 0.908, 0.999, 1.080056514913658, 1.138418038183015, 1.195, 1.247976326530612, 1.3009591836734695, 1.338065934065934, 1.391234456573327, 1.4365950590762617, 1.470843537414964, 1.50915306122449, 1.5358791836734693, 1.5765668934240362, 1.609, 1.6391658163265306, 1.6741514500537056, 1.69401700680272, 1.732, 1.7565812682215742, 1.7853039742212673, 1.815]",2.4,25,-2.4,1.93,1.93
92,"[0.076, 0.08040816326530609, 0.0868806907378337, 0.09312152133580703, 0.10424149659863935, 0.11440489795918363, 0.13286224489795942, 0.146, 0.161, 0.17375170068027235, 0.1870408163265305, 0.203, 0.217, 0.22995083487940632, 0.24564795918367338, 0.261, 0.27809863945578195, 0.2991301709873138, 0.3184200680272107, 0.34320210664911127, 0.372, 0.40930952380952373, 0.461, 0.5208762343647136, 0.6041355102040815, 0.6683010204081632, 0.7500170762182423, 0.826, 0.9051203007518795, 0.9769183673469383, 1.0506685052399338, 1.137, 1.1922728249194414, 1.24, 1.294971742543171, 1.335360902255639, 1.387, 1.4335950590762616, 1.473921768707482, 1.509, 1.5437676609105178, 1.5765668934240362, 1.609172757475083, 1.646, 1.6735757250268528, 1.699764081632653, 1.7343451166180757, 1.759, 1.787, 1.819]",2.4,25,-2.4,1.931,1.93
93,"[0.075, 0.08056122448979597, 0.08662713734142306, 0.092, 0.10385632653061226, 0.11408097432521393, 0.132, 0.1447885714285715, 0.16131265306122458, 0.17421400992829564, 0.18497610751617716, 0.204, 0.21651870748299307, 0.22852233866519583, 0.243, 0.25870122448979593, 0.2774332810047096, 0.2990635975320361, 0.317, 0.342, 0.3771156462585033, 0.41164285714285714, 0.462, 0.529, 0.606, 0.667, 0.735, 0.83, 0.9119047619047621, 0.9836891679748825, 1.06, 1.1431992014196983, 1.1977706122448981, 1.244814693877551, 1.297, 1.3502764976958528, 1.387, 1.4362710204081632, 1.476, 1.503331632653061, 1.544267454350161, 1.568826530612245, 1.609, 1.6359157340355497, 1.6692908163265308, 1.694, 1.734, 1.7585918367346938, 1.7842766967252017, 1.816]",2.4,25,-2.4,1.929,1.929
94,"[0.077, 0.08040897959183682, 0.087, 0.093, 0.10353994169096209, 0.117, 0.13486224489795942, 0.147, 0.161, 0.1752437948152234, 0.192, 0.204, 0.21836637512147705, 0.23, 0.24572571428571424, 0.26206122448979574, 0.2787591836734694, 0.2987006802721087, 0.319, 0.345, 0.3803877551020408, 0.41717687074829923, 0.468, 0.5306065306122449, 0.6051783029001073, 0.6778010204081634, 0.7494463462804476, 0.816, 0.9121904761904759, 0.9759183673469383, 1.0626685052399338, 1.1393013763644992, 1.193886479591837, 1.243976326530612, 1.292971742543171, 1.3445844155844155, 1.3864941075021557, 1.4357176870748292, 1.471, 1.5017295918367346, 1.5409979591836733, 1.57522126745435, 1.6059285714285711, 1.6333790087463556, 1.6667397959183667, 1.6938405956977385, 1.730266530612245, 1.75350566893424, 1.7821863067807766, 1.814]",2.4,25,-2.4,1.926,1.926
95,"[0.076, 0.08049744897959184, 0.08665259740259737, 0.09388961038961037, 0.10743317972350223, 0.11923724489795913, 0.136, 0.1465, 0.162, 0.1755514950166113, 0.19145112781954865, 0.205, 0.217, 0.23032653061224484, 0.24380645161290324, 0.2621224489795921, 0.2803730158730157, 0.29818285714285697, 0.3206845238095237, 0.346, 0.378, 0.4141666666666666, 0.461, 0.5249885714285712, 0.606, 0.6790171428571428, 0.7337738095238093, 0.8236544850498339, 0.9063333333333323, 1.004, 1.0537218045112782, 1.131, 1.1889285714285713, 1.25, 1.3020765306122448, 1.34272, 1.3854493087557602, 1.4315069124423963, 1.4662747252747248, 1.5080476190476186, 1.543, 1.573, 1.6063333333333334, 1.6358351648351648, 1.6752481203007517, 1.692, 1.7336483516483514, 1.765, 1.783, 1.811]",2.4,25,-2.4,1.931,1.93
96,"[0.075, 0.08037446606549599, 0.086, 0.092, 0.10426757369614509, 0.11820918367346932, 0.13219011815252418, 0.146, 0.159, 0.17363265306122444, 0.19039527389903332, 0.201, 0.217, 0.229, 0.243, 0.261, 0.277894819466248, 0.29798736637512147, 0.31649092970521536, 0.3457645211930926, 0.3775867346938775, 0.4135952380952379, 0.46414030612244894, 0.5274455782312925, 0.6053394199785176, 0.682091836734694, 0.7542973760932944, 0.835125134264232, 0.9184047619047617, 0.9956799628942485, 1.0863061224489794, 1.1317611693325977, 1.1995809037900873, 1.247, 1.307, 1.3490918367346938, 1.3888528713811106, 1.4389775510204084, 1.471, 1.5108383673469383, 1.545, 1.578, 1.6087602040816327, 1.6369387755102038, 1.67, 1.7022746598639455, 1.735, 1.763, 1.785, 1.817]",2.4,25,-2.4,1.928,1.929
97,"[0.077, 0.08197732426303829, 0.08850706436420729, 0.0980736468500444, 0.10828734693877547, 0.12113959183673462, 0.136, 0.150120879120879, 0.16607196562835666, 0.176, 0.192, 0.206861678004535, 0.219, 0.23530667402095973, 0.24579699248120304, 0.26667544437129687, 0.283, 0.3024309444708116, 0.31981698485845944, 0.3507328385899813, 0.3861781076066791, 0.4205595238095237, 0.47611323238972997, 0.560052244897959, 0.618, 0.705, 0.762, 0.8394595918367347, 0.923, 0.992, 1.083403525046382, 1.1433469387755102, 1.2001478212906784, 1.2495747380033093, 1.300204081632653, 1.3476082949308756, 1.389, 1.4366579591836732, 1.474, 1.509047309833024, 1.5440697278911566, 1.5761255886970174, 1.607, 1.634, 1.67, 1.700372206025267, 1.728, 1.7633363265306123, 1.781, 1.814]",2.4,25,-2.4,1.927,1.926
98,"[0.075, 0.07989455782312922, 0.08613561553653723, 0.09363893249607534, 0.105, 0.121, 0.13262448979591834, 0.147, 0.161, 0.175, 0.19053644314868806, 0.20294515306122435, 0.216, 0.2280116618075801, 0.24276497695852534, 0.262, 0.274, 0.297, 0.316736394557823, 0.33799617346938765, 0.375, 0.41139682539682526, 0.443964042759961, 0.523, 0.5942579591836733, 0.6795459183673468, 0.7442685977616853, 0.806777164920022, 0.9044047619047617, 0.9840529509100937, 1.062122448979592, 1.1107220602526724, 1.187, 1.2381051805337517, 1.283699443413729, 1.334766917293233, 1.3734669387755103, 1.4294121132323896, 1.466, 1.4966632653061218, 1.5353574720210663, 1.567, 1.597, 1.627722135007849, 1.6657210884353737, 1.6917836734693876, 1.724, 1.7542514812376564, 1.775, 1.807]",2.4,25,-2.4,1.923,1.922
99,"[0.074, 0.07861224489795919, 0.086, 0.0909457572502686, 0.10514756671899539, 0.11559591836734702, 0.132, 0.14498809523809558, 0.1585134693877553, 0.17302206287920574, 0.18949271137026238, 0.20191102040816317, 0.21476629361421984, 0.23090266875981147, 0.24091913746630728, 0.261, 0.27740893338467465, 0.296, 0.318, 0.34334601113172547, 0.3661836734693878, 0.41038095238095246, 0.4569750566893426, 0.5192811791383224, 0.591, 0.6826938775510206, 0.754, 0.8076878102592389, 0.9106394557823131, 0.9875185528756957, 1.067, 1.1176585769442913, 1.1959497645211932, 1.24489306122449, 1.293102040816327, 1.344, 1.384810612244898, 1.439, 1.4641711145996863, 1.5025782312925167, 1.542, 1.575246530612245, 1.604, 1.6336448979591836, 1.6626836734693888, 1.699090136054422, 1.7301084854994633, 1.7524851876234364, 1.780000927643785, 1.814]",2.4,25,-2.4,1.926,1.928
100,"[0.075, 0.08056122448979597, 0.08644816326530608, 0.09262989520132384, 0.10240136054421772, 0.11538040816326534, 0.13284081632653066, 0.1457885714285715, 0.15960125588697027, 0.175, 0.191, 0.204, 0.21751870748299307, 0.23044945420028481, 0.24917714285714287, 0.2637968460111317, 0.2785632653061226, 0.299203132415757, 0.32123639455782316, 0.34651415404871627, 0.3751836734693878, 0.419, 0.4671020408163265, 0.5249497645211935, 0.6100345368916799, 0.678, 0.746, 0.8227925170068031, 0.916, 1.0004072356215215, 1.079, 1.1245272108843543, 1.1984265306122452, 1.2522946938775512, 1.2967168367346942, 1.348, 1.384, 1.4342710204081632, 1.4667154195011338, 1.4979348255431206, 1.5403908948194664, 1.574, 1.6026948051948051, 1.634260596546311, 1.6663673469387756, 1.6980281827016521, 1.7274890670553937, 1.752535918367347, 1.78, 1.812]",2.4,25,-2.4,1.924,1.924
