0,1,2,3,4
6.84662e-06,0.9999634,1.7046135e-05,6.4286646e-06,6.2067606e-06
2.7922106e-06,0.99998593,6.087696e-06,2.5959457e-06,2.5921115e-06
4.0946456e-06,0.9999809,7.5591392e-06,3.7343664e-06,3.6992149e-06
7.830757e-06,0.99996436,1.4288087e-05,6.798187e-06,6.7688484e-06
7.2307434e-06,0.9999685,1.1619561e-05,6.1094293e-06,6.532364e-06
9.840552e-06,0.999948,2.4294935e-05,9.193684e-06,8.667923e-06
1.2061937e-05,0.99994075,2.5713976e-05,1.1068254e-05,1.0422512e-05
3.4446584e-05,0.9998497,5.8889163e-05,2.8837632e-05,2.814654e-05
6.207301e-05,0.9997372,0.0001006656,5.0252056e-05,4.976413e-05
2.7821681e-05,0.99987566,4.936699e-05,2.3884519e-05,2.3280983e-05
3.9171544e-05,0.9998161,7.727217e-05,3.5717185e-05,3.1648928e-05
2.6708558e-05,0.9998795,4.861998e-05,2.3002644e-05,2.2194412e-05
3.5392775e-05,0.99985266,5.4319065e-05,2.8381804e-05,2.927386e-05
3.1559866e-05,0.99987626,4.2763495e-05,2.449052e-05,2.5024072e-05
2.1782895e-05,0.9999026,3.8695314e-05,1.8834164e-05,1.8033612e-05
3.2855714e-05,0.99985063,6.132802e-05,2.887525e-05,2.635636e-05
5.3871452e-05,0.99974257,0.00011213671,4.695361e-05,4.440635e-05
0.00011304731,0.9994771,0.00022418104,9.5438445e-05,9.026121e-05
6.196049e-05,0.999752,8.6252076e-05,4.9293565e-05,5.042433e-05
0.00011079234,0.9995357,0.0001782701,9.125087e-05,8.406769e-05
0.00016175375,0.999173,0.000391451,0.00014536646,0.00012841888
0.0006521132,0.99810153,0.00048202774,0.0003630117,0.0004013495
0.00027387822,0.9987453,0.0005280287,0.00024293024,0.00020990946
0.0004480609,0.9979411,0.00086707703,0.00040774958,0.0003359092
0.00086755335,0.9966654,0.0011937656,0.00067392807,0.0005993972
0.00041655832,0.9982324,0.0006963254,0.00035167846,0.0003031207
0.00025578207,0.9989801,0.0003815658,0.00020139404,0.00018111993
0.001983714,0.9947567,0.0012285168,0.0010335703,0.0009975638
0.0010914388,0.9954609,0.001799517,0.0008892403,0.00075884076
0.0005725073,0.99745125,0.0010549244,0.00049217686,0.00042918438
0.0022935818,0.9905109,0.0037120397,0.0019201708,0.0015633419
0.002263232,0.99147356,0.0030011877,0.0017576232,0.0015043193
0.0009274768,0.99670887,0.0010785166,0.0006411296,0.0006439776
0.0066695726,0.9818205,0.004595994,0.0037689302,0.003144985
0.008619669,0.9784258,0.004711649,0.0043948237,0.0038481276
0.0016220062,0.9926692,0.0031387776,0.0014710769,0.0010989355
0.0020420293,0.99121463,0.0036562495,0.0016890507,0.0013980006
0.007546898,0.97027177,0.010816147,0.006204269,0.005160889
0.0077370633,0.9703564,0.01064239,0.00619053,0.005073662
0.0066823727,0.9803586,0.00536122,0.0040481235,0.0035497888
0.0032156548,0.98752046,0.0047780154,0.0023642222,0.0021216825
0.0067043216,0.9740151,0.009484326,0.0053103324,0.004485895
0.021224076,0.9468566,0.012408578,0.010435098,0.009075669
0.0043288493,0.98348,0.0062110024,0.0031546704,0.0028254993
0.027379949,0.9300799,0.016139222,0.0142384125,0.012162453
0.022114579,0.9445466,0.012125095,0.010958107,0.010255615
0.0388067,0.9165832,0.014734641,0.016021313,0.013854057
0.007491874,0.9800771,0.0048432895,0.0039494825,0.0036382773
0.0077147353,0.97068876,0.010381831,0.005861169,0.005353421
0.012819885,0.94827676,0.020272832,0.009699922,0.008930602
0.054763246,0.87895393,0.023248667,0.02256448,0.020469727
0.010143026,0.96094537,0.014859302,0.006977079,0.0070752255
0.026274467,0.90208,0.034943197,0.019585418,0.017116923
0.05465397,0.8732738,0.026717354,0.025223462,0.020131418
0.028041292,0.92534256,0.019670486,0.014004045,0.012941586
0.03129627,0.8791796,0.04725193,0.02382565,0.018446563
0.042614866,0.8932979,0.024748255,0.020796932,0.018541992
0.025566472,0.93042475,0.018869337,0.012861736,0.012277707
0.0232803,0.93650615,0.016506001,0.011801027,0.011906527
0.069997035,0.81606656,0.04628474,0.036922853,0.030728772
0.08809839,0.81149435,0.032206643,0.03358337,0.034617204
0.11821413,0.7414396,0.04669131,0.050110117,0.043544874
0.053025678,0.79819554,0.073690824,0.04261474,0.03247324
0.030291084,0.8667634,0.05738279,0.023912517,0.021650266
0.13809402,0.7384645,0.03448288,0.04279043,0.046168238
0.02346314,0.9109963,0.03408916,0.017209211,0.014242222
0.080328055,0.78236794,0.057187367,0.043466583,0.036650013
0.14653252,0.6385672,0.08073045,0.07387767,0.060292196
0.049516447,0.8149935,0.07028772,0.0370816,0.028120779
0.05738316,0.7529332,0.10583687,0.04790229,0.035944425
0.1437278,0.63336045,0.08291151,0.075614475,0.06438572
0.040687915,0.82542163,0.07716826,0.0315737,0.025148496
0.067019105,0.8334488,0.04052982,0.029261243,0.029741049
0.054554667,0.7170156,0.14336884,0.049646094,0.035414863
0.22735262,0.5568233,0.06775448,0.07640853,0.07166114
0.21819772,0.56690633,0.064712025,0.077209175,0.072974764
0.12873206,0.67645955,0.07943305,0.064174615,0.051200688
0.22219934,0.5181735,0.092496954,0.08505475,0.08207546
0.23937017,0.4594663,0.11240507,0.098732814,0.09002564
0.14526072,0.6347485,0.09239751,0.06779061,0.05980263
0.20228098,0.5479886,0.088621385,0.07831366,0.082795374
0.25785455,0.44864634,0.1012679,0.10134493,0.09088636
0.09411177,0.6382826,0.14141034,0.06341236,0.06278293
0.085371904,0.67579657,0.1287455,0.05732829,0.0527578
0.25300816,0.4497277,0.10267091,0.10414386,0.090449385
0.078315094,0.6312495,0.18076742,0.06002279,0.049645174
0.08361425,0.5909089,0.19861157,0.073175974,0.053689342
0.122100875,0.68084055,0.082075216,0.05483421,0.060149122
0.08304211,0.61616045,0.1777537,0.06729776,0.05574598
0.12934671,0.6608961,0.089415915,0.060886666,0.059454564
0.2237121,0.52205276,0.09603059,0.07578801,0.08241659
0.13402264,0.3775699,0.28912884,0.11426195,0.085016645
0.069269665,0.6664947,0.1622371,0.05414227,0.047856282
0.09857997,0.4941852,0.2641745,0.08277108,0.060289226
0.27224842,0.37168276,0.13509718,0.11539773,0.10557391
0.39088035,0.24650468,0.10318134,0.1201967,0.13923697
0.08322467,0.5915745,0.20260209,0.06128126,0.06131751
0.120175436,0.43909487,0.26464695,0.08927827,0.086804524
0.12225605,0.41718104,0.27196854,0.10665621,0.08193815
0.15259129,0.23828132,0.35804343,0.15354738,0.097536534
0.31474927,0.26320797,0.1559172,0.14448667,0.12163883
0.11204663,0.49786997,0.23609696,0.07501628,0.078970164
0.11766444,0.5388841,0.19007988,0.07357325,0.07979841
0.09892696,0.41794726,0.33529478,0.08136036,0.06647061
0.34354946,0.29854706,0.12721269,0.11878685,0.11190394
0.2924312,0.32745773,0.15548198,0.12382868,0.10080043
0.1177486,0.38171783,0.3290007,0.09259271,0.07894014
0.13152196,0.357037,0.30867633,0.100526236,0.10223852
0.33288354,0.1443942,0.26108265,0.14876227,0.1128774
0.1124857,0.341303,0.3739985,0.10030982,0.07190298
0.32015094,0.26389802,0.16126147,0.1330235,0.12166603
0.15884942,0.3167809,0.29894024,0.11774921,0.10768024
0.09363714,0.48431507,0.29572317,0.06707963,0.059244975
0.14974035,0.2607039,0.3593409,0.13021334,0.10000148
0.14934878,0.28792495,0.33682832,0.1287876,0.097110346
0.124728665,0.37105104,0.3202286,0.09743974,0.086551905
0.10290499,0.43738893,0.3059328,0.07837599,0.07539729
0.15398823,0.2995373,0.31227592,0.12504141,0.10915718
0.3423248,0.15376945,0.23679356,0.14348969,0.12362248
0.15360577,0.3463862,0.29155752,0.10963007,0.09882046
0.27721927,0.1384458,0.3336117,0.13217498,0.118548304
0.14171419,0.27424738,0.3656975,0.11472699,0.103613935
0.14433125,0.22092174,0.41542786,0.1215787,0.09774041
0.115004614,0.33337775,0.37470916,0.09145328,0.08545525
0.112532094,0.2122969,0.48935926,0.10587271,0.07993896
0.123258114,0.10899055,0.49161825,0.19554706,0.08058612
0.14818856,0.36729726,0.28285214,0.092707865,0.10895412
0.1120176,0.22793412,0.47533906,0.09976753,0.084941655
0.20720765,0.13969441,0.42229483,0.13024166,0.10056145
0.12330163,0.34658858,0.34868342,0.09062844,0.09079794
0.1305401,0.2985336,0.382446,0.10538161,0.083098665
0.14610662,0.22983775,0.4020177,0.11893715,0.103100695
0.108092874,0.19748612,0.51023424,0.10514942,0.079037346
0.106383555,0.10886706,0.54102826,0.16630173,0.07741939
0.11486085,0.3080442,0.40411693,0.085704476,0.08727358
0.2657949,0.13674055,0.34524676,0.124707974,0.12750985
0.314109,0.14959718,0.2851067,0.12029253,0.13089466
0.24963143,0.13186543,0.35957262,0.14601278,0.112917736
0.18637294,0.11609326,0.4835084,0.11703248,0.096992865
0.20257112,0.12830983,0.45824614,0.11164047,0.09923248
0.1099434,0.18968107,0.52693444,0.09801747,0.07542364
0.15233575,0.10099244,0.57507974,0.09604103,0.07555101
0.2914185,0.13646087,0.31751662,0.13080332,0.123800725
0.10367698,0.1661554,0.5645437,0.09598691,0.06963699
0.13127384,0.23244384,0.44740278,0.09431773,0.09456182
0.13303319,0.08061423,0.47721785,0.2200496,0.089085124
0.15706547,0.0952196,0.39364767,0.2548934,0.099173814
0.17818862,0.122610696,0.49967787,0.10650529,0.0930175
0.20855334,0.08516369,0.47686198,0.13387021,0.09555078
0.22757903,0.09649489,0.4305474,0.13108823,0.11429041
0.18273409,0.11146361,0.5235592,0.09769502,0.08454803
0.2041518,0.12680034,0.46132827,0.10988343,0.097836114
0.08681578,0.16971926,0.5947255,0.08334311,0.065396376
0.0776775,0.14740136,0.6331998,0.07790388,0.06381743
0.16583948,0.10400093,0.55283546,0.09278801,0.08453609
0.22115783,0.07470613,0.47510976,0.13544609,0.093580246
0.08407353,0.1406566,0.6259093,0.0817456,0.06761496
0.19034034,0.093804315,0.51130784,0.11110119,0.09344637
0.16144162,0.09460486,0.5503409,0.10309043,0.09052217
0.119069226,0.06784133,0.5381286,0.19242866,0.08253221
0.100818686,0.0790007,0.5883475,0.15850282,0.07333029
0.25620064,0.10665555,0.37986973,0.13096856,0.12630558
0.2555246,0.07243209,0.410569,0.15726756,0.10420669
0.08668627,0.075128555,0.6524905,0.12335437,0.062340308
0.22445552,0.0967148,0.4565198,0.11354279,0.10876708
0.10764224,0.071307555,0.5576988,0.17950499,0.083846375
0.13875836,0.068097085,0.46565282,0.21615556,0.111336134
0.20171753,0.07397738,0.50230765,0.12249102,0.09950637
0.09632392,0.059566863,0.71819174,0.07013536,0.055782128
0.1605904,0.075775556,0.56448317,0.09601434,0.1031365
0.06384231,0.06051428,0.73760515,0.09122608,0.046812132
0.099061735,0.058224283,0.70972025,0.07064498,0.062348735
0.095843814,0.05543567,0.62929237,0.14639033,0.073037766
0.13803984,0.0784428,0.62858474,0.075985745,0.078946866
0.102754116,0.053345937,0.59720975,0.15561388,0.091076255
0.10125167,0.049725085,0.60307056,0.15805669,0.08789602
0.21397999,0.05538106,0.4903515,0.13376409,0.106523365
0.04507313,0.04107579,0.8112695,0.06043646,0.042145055
0.08021897,0.045337737,0.68766236,0.1147758,0.07200513
0.12655182,0.049031403,0.65272224,0.086017914,0.085676655
0.0607999,0.04067891,0.7541736,0.08938402,0.054963525
0.24579889,0.056079805,0.45227727,0.13178602,0.11405798
0.114058435,0.051283102,0.6861422,0.07714182,0.07137444
0.16976781,0.06903459,0.57784724,0.08313935,0.10021104
0.15351184,0.054792516,0.6005512,0.09737977,0.09376474
0.17961097,0.05503378,0.5661396,0.100383684,0.09883197
0.21568711,0.054816123,0.51868963,0.1012528,0.10955438
0.19711837,0.06351094,0.52669257,0.09686883,0.11580926
0.063711286,0.033216763,0.73270434,0.112900786,0.057466872
0.16477777,0.049039572,0.59519804,0.09193469,0.09904999
0.18500294,0.05014994,0.5697735,0.10176825,0.09330536
0.08503773,0.036998693,0.66915876,0.1285032,0.08030156
0.13921693,0.051273186,0.46690503,0.122779064,0.21982574
0.17053999,0.050238684,0.5734505,0.09734769,0.10842318
0.08157011,0.03978641,0.68310225,0.07713845,0.118402705
0.21249387,0.044610176,0.51295066,0.12232374,0.107621595
0.08341975,0.0364247,0.7620564,0.060310565,0.05778854
0.09955393,0.036297057,0.7299659,0.06855162,0.06563142
0.064084224,0.030627344,0.75053674,0.091722384,0.06302935
0.058023583,0.029048916,0.7743254,0.08766663,0.05093553
0.15540142,0.041738592,0.6192492,0.08500767,0.09860311
0.18932201,0.043535776,0.54140216,0.10711118,0.11862886
0.11328198,0.036259323,0.568723,0.17975047,0.101985194
0.10086998,0.036399823,0.73264885,0.062573254,0.06750803
0.06367789,0.028963812,0.7519728,0.09483125,0.060554184
0.0935203,0.030333148,0.75142485,0.06307932,0.061642323
0.08180472,0.030239966,0.68137735,0.12629731,0.08028065
0.07502479,0.029276924,0.7095206,0.11098327,0.07519442
0.05030721,0.022120422,0.8003708,0.0527159,0.07448564
0.117184065,0.035474814,0.70155406,0.06704514,0.07874189
0.08270265,0.027303195,0.6681634,0.13658196,0.0852488
0.12818728,0.03455338,0.5050632,0.12209449,0.21010168
0.06466507,0.02689808,0.72635037,0.062259972,0.11982647
0.07792837,0.02927378,0.69096136,0.07703296,0.124803476
0.14804614,0.03733536,0.41046238,0.12525819,0.2788979
0.056747608,0.02255017,0.77525383,0.058967106,0.08648128
0.08970079,0.03247891,0.64370376,0.08660529,0.1475113
0.09606369,0.030382093,0.6070448,0.09098496,0.17552443
0.04853127,0.020720446,0.80975795,0.07176097,0.049229354
0.048267,0.019709302,0.80371535,0.052056145,0.07625213
0.037392445,0.016667377,0.8477524,0.038673166,0.059514664
0.0741758,0.025086144,0.6836908,0.07364897,0.14339824
0.05168797,0.02216901,0.7976928,0.046761457,0.081688754
0.075979866,0.024665095,0.6893297,0.08146442,0.12856092
0.20804001,0.033873677,0.5276675,0.10327937,0.12713937
0.06642331,0.023188502,0.7388636,0.0626317,0.10889293
0.13372461,0.029694581,0.42766,0.13029556,0.27862525
0.096853845,0.025969801,0.62717897,0.098092034,0.15190536
0.0561868,0.02124364,0.7725177,0.05704277,0.09300907
0.072761,0.023097264,0.70445144,0.074559644,0.12513058
0.07598205,0.020816391,0.68603915,0.13283345,0.084329
0.1064549,0.02644554,0.5503043,0.100487925,0.21630734
0.04941015,0.01753465,0.7970121,0.053599756,0.082443304
0.081833564,0.024304645,0.6768934,0.078254946,0.13871348
0.055885136,0.01697565,0.76104605,0.06629218,0.09980095
0.048011202,0.016294746,0.7953607,0.05365172,0.08668165
0.037669744,0.013535984,0.8464324,0.06025698,0.04210482
0.036706913,0.013840876,0.847894,0.036951806,0.06460637
0.06587114,0.019238628,0.7202445,0.0701618,0.12448395
0.07593937,0.018935475,0.65746605,0.15402305,0.0936361
0.11457877,0.025226368,0.5227696,0.12449363,0.21293171
0.07572854,0.021551903,0.6843304,0.06981055,0.14857866
0.06772237,0.019611755,0.6875368,0.0705146,0.15461446
0.077473275,0.018814335,0.67774206,0.14187764,0.08409264
0.06464476,0.017300602,0.7232689,0.0718532,0.12293255
0.0814308,0.01882128,0.63013625,0.17570163,0.09391002
0.069914505,0.017519426,0.6957496,0.13397577,0.08284073
0.10419761,0.02211778,0.49585897,0.10911061,0.26871496
0.09586706,0.022535494,0.5942668,0.08978346,0.1975472
0.04648383,0.012862449,0.7636107,0.121304885,0.055738058
0.03213344,0.010522504,0.8522099,0.038813107,0.0663211
0.03613028,0.01084783,0.8529595,0.05984119,0.040221095
0.055182256,0.01498613,0.76052326,0.06122111,0.10808717
0.04433755,0.0130171925,0.7916268,0.048168335,0.10285008
0.09993618,0.020656731,0.5419176,0.09496053,0.24252899
0.057195082,0.014271343,0.7391341,0.11735378,0.07204572
0.070966855,0.016721535,0.68583506,0.06985294,0.15662359
0.11802916,0.02156866,0.49665105,0.12020774,0.24354337
0.089541815,0.018502442,0.5410977,0.097325526,0.2535325
0.03820326,0.00966407,0.8392843,0.07146982,0.04137861
0.07845609,0.017156895,0.6266154,0.09029359,0.18747808
0.07332394,0.016712805,0.6710016,0.06696304,0.17199856
0.07115211,0.015824396,0.64312327,0.08546409,0.18443614
0.08829045,0.017849183,0.58691764,0.11242218,0.19452058
0.064911895,0.015016872,0.688894,0.07305801,0.15811925
0.05516988,0.013185355,0.73695797,0.067376204,0.12731068
0.111789405,0.020368109,0.49654216,0.11530502,0.25599533
0.062465638,0.014518128,0.67636794,0.06842843,0.17821987
0.058716524,0.013653943,0.69537157,0.08345336,0.14880459
0.079327635,0.016916627,0.5824438,0.095422246,0.22588971
0.08050677,0.016799284,0.5991395,0.087183714,0.21637067
0.073779345,0.016035823,0.5909836,0.08412118,0.23508006
0.07177183,0.015096081,0.658126,0.08770804,0.16729806
0.0851614,0.017139144,0.48228624,0.07858038,0.3368328
0.07343989,0.015535622,0.6410313,0.08176012,0.18823303
1.011315e-06,0.99999726,5.2408564e-07,6.546181e-07,5.839733e-07
2.873509e-06,0.9999826,3.551648e-06,8.482044e-06,2.5541583e-06
1.1374209e-05,0.99997795,2.9984244e-06,3.933713e-06,3.697581e-06
1.8851308e-05,0.99996555,4.3120644e-06,5.6679783e-06,5.51602e-06
6.8645124e-05,0.9998901,1.0997012e-05,1.574312e-05,1.4480038e-05
0.00011360629,0.99982893,1.52651e-05,2.1588261e-05,2.0562784e-05
1.3234606e-05,0.9998951,1.4550737e-05,6.628925e-05,1.08290205e-05
1.8396157e-05,0.99981993,2.8628521e-05,0.0001165565,1.650585e-05
0.0033660403,0.43352666,0.016262902,0.5436424,0.0032019934
5.0906583e-06,0.99996686,5.6424383e-06,1.8138091e-05,4.3142013e-06
8.534506e-05,0.99856466,0.0001342272,0.0011416223,7.4256e-05
1.907227e-05,0.99991333,1.1260573e-05,4.501112e-05,1.1217271e-05
0.0026278326,0.9968176,0.00013247703,0.0002227033,0.00019938945
0.00011168153,0.9982887,0.00011027119,0.0014061267,8.3174695e-05
4.9960647e-05,0.9993117,7.112368e-05,0.00052398327,4.3159183e-05
0.00018979936,0.99960035,4.0572413e-05,0.000119300144,5.006018e-05
0.0001642377,0.9962148,0.000259766,0.0032202937,0.00014089038
0.007577859,0.99127483,0.00026439186,0.000468089,0.00041479364
0.0001190894,0.99975103,2.6847412e-05,6.991871e-05,3.312198e-05
0.00052986137,0.9812975,0.00054504955,0.017243458,0.0003842235
7.881524e-05,0.9992774,5.7290104e-05,0.00053558254,5.09767e-05
0.0012709001,0.03899182,0.006251674,0.95228475,0.0012007926
0.072718665,0.92216665,0.0010825141,0.0021610642,0.0018711836
0.16529681,0.8268889,0.0016327687,0.0032799586,0.002901532
0.0019220802,0.21658108,0.00444035,0.7753656,0.001690954
0.0013902377,0.87403184,0.001859507,0.121624194,0.0010943015
0.0022299173,0.60631776,0.0031148503,0.38658932,0.0017481277
0.0006647821,0.025021091,0.0014498474,0.9722891,0.00057523133
0.0012700809,0.97161794,0.00071845367,0.02572759,0.00066592963
0.00023472287,0.99736494,0.00014781328,0.0021170063,0.00013544435
0.0013510364,0.93108374,0.0011083162,0.06558331,0.0008736046
0.0005863472,0.99579644,0.00023507651,0.0031322741,0.00024995505
0.002718866,0.6886904,0.0023769483,0.30445302,0.0017608216
0.0031827297,0.49593118,0.002501516,0.49640152,0.0019830265
0.78917015,0.19889398,0.002217421,0.005449003,0.0042694733
0.00091779884,0.99325305,0.00033801916,0.0051271208,0.0003640094
0.0016179315,0.95797807,0.00091956067,0.038637668,0.00084668584
0.003977423,0.94896257,0.0013102926,0.04429493,0.0014547338
0.0018333235,0.1791181,0.0024315587,0.8152178,0.001399268
0.013681894,0.9243539,0.002377816,0.056532003,0.003054388
0.006834222,0.9891677,0.0005705786,0.0026359204,0.0007915937
0.09596574,0.8581612,0.0042517646,0.03520078,0.0064205755
0.006342442,0.9672481,0.0013024579,0.023483444,0.0016235373
0.009058439,0.95151395,0.0017349505,0.035514522,0.002178149
0.2264449,0.7387662,0.0043157754,0.023378044,0.0070950976
0.00012802352,0.0009257592,0.000512202,0.99831474,0.00011934504
0.0027310213,0.9246582,0.0013656688,0.069957234,0.0012879177
0.0042774267,0.7934713,0.0022124727,0.19798748,0.0020513474
0.62212735,0.35282066,0.0038014904,0.014252511,0.0069979783
0.58962,0.3627304,0.005492551,0.03251878,0.009638252
0.008328681,0.9643333,0.0014902642,0.02389544,0.0019523232
0.000120813864,0.0012658401,0.00026814846,0.9982408,0.000104469065
0.9609809,0.031774923,0.001173759,0.0035652863,0.0025051106
0.03892534,0.5686772,0.0060586715,0.37833545,0.00800331
0.0060691675,0.32386744,0.0028757234,0.66446376,0.00272385
0.0033432133,0.3480026,0.00270668,0.6439047,0.0020427918
0.013402152,0.23749223,0.003634549,0.74143636,0.0040346803
0.11145705,0.8377313,0.004674045,0.039104808,0.0070328685
0.011634249,0.1655722,0.0031486417,0.8161607,0.003484232
3.891468e-05,0.00012482757,0.00018737317,0.9996125,3.6338948e-05
5.452655e-05,0.00033295303,6.857435e-05,0.9995034,4.0612376e-05
0.0141551485,0.15769991,0.0033643798,0.82090336,0.0038772454
0.0020850669,0.031745974,0.0010106227,0.96423,0.00092825614
0.0007316342,0.013119962,0.0005737071,0.98514414,0.00043047365
0.9876808,0.0087191155,0.0005780115,0.0017596931,0.0012623831
0.016148295,0.18592416,0.003698744,0.7899388,0.004290014
0.98816854,0.0077374205,0.0006089982,0.0021918614,0.0012931409
0.0057936665,0.2812267,0.0028813598,0.70748204,0.0026162935
0.3898024,0.10095503,0.00909625,0.48589608,0.014250226
0.013291014,0.31057197,0.0038587437,0.6680847,0.004193637
0.043009575,0.6030044,0.0063166902,0.3393231,0.008346182
4.5529385e-05,0.00023714242,5.52069e-05,0.9996288,3.3350218e-05
0.00012474088,0.0011242935,0.00016823625,0.99848986,9.275581e-05
0.00024752974,0.0019362437,0.00019828722,0.9974722,0.00014558977
0.32652125,0.09444724,0.008797681,0.55653983,0.013694052
0.7306516,0.2323124,0.0046025068,0.023613522,0.008819936
0.97049946,0.021658454,0.0011406827,0.004283545,0.002417805
0.031902123,0.23008429,0.0053246217,0.7260384,0.0066505936
0.0080783665,0.0674363,0.002183719,0.9199234,0.0023781168
3.7280715e-05,0.0001682565,4.5032302e-05,0.99972206,2.7297117e-05
1.8718012e-05,6.110208e-05,2.2588332e-05,0.9998838,1.3799794e-05
0.0024017135,0.03596466,0.0012170884,0.9593465,0.0010701001
0.005906973,0.043393705,0.0016928611,0.94715714,0.0018493279
0.90557826,0.06218417,0.0032823498,0.022527387,0.0064278557
0.8004007,0.034893163,0.0049589397,0.15073015,0.009017071
2.479232e-05,9.869922e-05,5.2700263e-05,0.99980265,2.1211294e-05
1.1229253e-05,3.3061406e-05,2.2820084e-05,0.9999232,9.717487e-06
0.32023472,0.08501677,0.008457279,0.57320446,0.013086768
0.0003942364,0.004698115,0.00033887528,0.99432784,0.00024096847
0.007872126,0.09448092,0.0024056437,0.89270455,0.002536772
5.9488775e-06,1.04487835e-05,2.2184828e-05,0.9999558,5.5645587e-06
0.0045902925,0.016488647,0.0011202007,0.97654563,0.0012551638
0.98198664,0.008758583,0.0010305509,0.0059435093,0.002280804
1.4427643e-05,4.6170215e-05,2.9469773e-05,0.9998976,1.2366831e-05
0.69082916,0.21649683,0.0074312612,0.07225878,0.012984012
0.0048097763,0.022061586,0.0012504722,0.9704852,0.0013930649
0.120863296,0.3300531,0.009885384,0.52426255,0.014935619
0.00029552798,0.002540539,0.00024779074,0.99674004,0.00017610937
0.9676694,0.021320289,0.0014035754,0.0065883673,0.003018403
0.00032892276,0.0013047191,0.00016403272,0.99805355,0.00014875321
0.8263257,0.12163359,0.0049472484,0.03778919,0.009304266
0.00256528,0.006707335,0.00065903744,0.9893273,0.0007411365
0.9679893,0.020456703,0.0014265742,0.007116591,0.0030107447
0.9834435,0.0087988665,0.00092568167,0.004855411,0.001976456
0.003439791,0.011507712,0.0008915215,0.9831792,0.0009817977
2.3961506e-06,2.8800296e-06,1.0966659e-05,0.9999814,2.3406194e-06
0.08723685,0.24364844,0.008291641,0.64863396,0.01218904
0.98124343,0.010424006,0.0010132795,0.0050784163,0.002240871
0.0023699687,0.007475588,0.00065072294,0.988789,0.0007147437
5.3828862e-06,1.16959745e-05,1.0468599e-05,0.9999678,4.6741998e-06
4.994193e-05,0.00015076424,3.9382314e-05,0.99973017,2.9675153e-05
0.97069156,0.016647842,0.0014380402,0.008181174,0.0030414034
0.00035989628,0.0015299685,0.00018659372,0.997759,0.00016453935
0.98189056,0.008878741,0.0010331698,0.005921876,0.0022757272
2.7884826e-06,4.6988225e-06,5.032277e-06,0.9999851,2.4020212e-06
0.0131210005,0.037486523,0.0022807904,0.94426525,0.0028463926
0.0013830205,0.0032606707,0.0003927449,0.9945339,0.00042965662
0.9834325,0.0044549303,0.0009167879,0.00918038,0.0020154777
7.008787e-06,1.4803639e-05,8.7517155e-06,0.9999641,5.3233007e-06
0.017367551,0.07746023,0.0032112224,0.898058,0.0039030216
0.14008065,0.04550983,0.005569762,0.8007542,0.008085537
0.0026611125,0.015159006,0.0009293498,0.98032194,0.00092851085
2.4390594e-05,8.703792e-05,3.7302787e-05,0.9998323,1.8958766e-05
0.9757059,0.00804029,0.0013062558,0.0121367425,0.002810712
0.9475166,0.030326933,0.002291484,0.01505246,0.004812567
0.0017250986,0.0079601025,0.0006234147,0.9890837,0.00060764194
0.96810395,0.010364494,0.0016022208,0.016581086,0.0033482758
0.00020505306,0.00064119033,0.00011217073,0.998944,9.7613e-05
4.5652214e-06,8.150675e-06,5.5354035e-06,0.9999783,3.458798e-06
0.9660729,0.011149746,0.0017047052,0.017411897,0.0036607734
2.3197847e-05,5.6361652e-05,2.0649892e-05,0.99988496,1.4846378e-05
0.008262222,0.0037908878,0.0008171978,0.9860926,0.0010370592
8.224618e-06,1.7191656e-05,2.0744414e-05,0.9999467,7.1973227e-06
0.9499356,0.014750176,0.0022249788,0.028482169,0.0046070837
0.97642887,0.0044409167,0.0010881876,0.015635947,0.0024059867
1.0644009e-05,2.7893355e-05,1.5528589e-05,0.99993753,8.393255e-06
5.133272e-06,9.400473e-06,1.20691575e-05,0.9999689,4.4971284e-06
0.00015677857,0.0003975278,8.567791e-05,0.99928623,7.381848e-05
5.334151e-06,1.0184558e-05,1.272009e-05,0.9999671,4.717587e-06
0.00019120773,0.0006134762,0.00011397181,0.9989876,9.37166e-05
0.000116793766,0.00027833792,6.488456e-05,0.9994837,5.622149e-05
5.331492e-06,8.25916e-06,2.2624348e-05,0.99995875,5.02834e-06
0.9390427,0.010669575,0.0021939783,0.04348172,0.00461198
0.9654839,0.0073567703,0.0015379658,0.022225594,0.003395803
0.00052008475,0.000976546,0.00018203446,0.9981395,0.00018182366
0.96480775,0.004972803,0.0013423923,0.025932066,0.002944896
0.9308999,0.010091936,0.002250611,0.05208414,0.004673392
0.0008465652,0.0024568716,0.00032471446,0.9960603,0.0003115235
4.0571354e-05,6.5565684e-05,2.4293891e-05,0.99984884,2.0685513e-05
0.9332533,0.0074625057,0.0019907132,0.05303405,0.0042593596
0.0005696427,0.0012298276,0.00020975138,0.997783,0.00020789949
0.94046646,0.013338434,0.002387352,0.038642514,0.005165235
0.004978353,0.0025455446,0.0006087262,0.9911199,0.00074747327
0.0032686647,0.006208233,0.00075414457,0.9889103,0.0008586461
0.9316656,0.013311149,0.0024846,0.047472693,0.005065923
0.9171406,0.01623853,0.0029240306,0.057570904,0.0061259754
2.6401885e-06,3.4675645e-06,9.899136e-06,0.9999815,2.5093084e-06
0.01073346,0.00288746,0.0007930787,0.9845291,0.0010569768
0.029542118,0.015621048,0.0024527803,0.94915205,0.0032320109
3.512494e-05,5.591882e-05,2.2615732e-05,0.9998677,1.8610752e-05
3.3641768e-06,5.2250493e-06,4.86985e-06,0.9999839,2.6733915e-06
0.8940564,0.012832042,0.0029547545,0.08386568,0.0062912214
0.01604184,0.0029014738,0.0008996476,0.97885066,0.0013064342
0.0123700965,0.0043615946,0.0010408264,0.9808528,0.0013747095
0.87410516,0.019676004,0.0036640458,0.09511952,0.0074353223
0.00071762095,0.000334659,0.00012836985,0.99867344,0.00014593158
0.0018941112,0.00097183837,0.00029344892,0.9965025,0.0003380573
0.08636314,0.010781003,0.0027205471,0.89574605,0.004389357
0.8253638,0.013700421,0.0035378626,0.15008803,0.0073098247
0.82770574,0.01666786,0.0038194398,0.14409819,0.0077087767
0.43720284,0.021978231,0.00522832,0.52618015,0.009410424
3.9942265e-06,4.852291e-06,3.9430306e-06,0.9999844,2.738754e-06
0.053628426,0.0054642335,0.0017442801,0.93644106,0.002722061
1.1190251e-05,1.248002e-05,7.912406e-06,0.9999621,6.3382854e-06
9.511212e-06,1.0780699e-05,7.019244e-06,0.9999672,5.549958e-06
0.21163008,0.010268629,0.0032998335,0.76901734,0.005784185
0.005430881,0.0021683173,0.00060743996,0.99104005,0.0007532176
0.74772257,0.012998631,0.003814976,0.22762294,0.007840894
0.00053829513,0.00035314984,0.00012936504,0.9988418,0.00013735068
0.6429061,0.0070748474,0.0030436942,0.34092522,0.006050044
0.7585391,0.013795757,0.003917724,0.21572189,0.008025461
9.76718e-07,1.0782347e-06,1.4702138e-06,0.9999957,8.166708e-07
0.00013701728,5.888417e-05,3.3498527e-05,0.99973434,3.628959e-05
1.780577e-06,1.8415963e-06,1.795316e-06,0.9999933,1.2759905e-06
0.11462337,0.0054156124,0.0021552634,0.8741264,0.0036793512
0.11056243,0.004574397,0.0019472584,0.87956965,0.003346263
8.0880145e-06,0.999956,2.011158e-05,8.709506e-06,7.0748047e-06
2.9219345e-06,0.9999862,5.298241e-06,2.9752484e-06,2.5877428e-06
3.6257954e-06,0.9999832,6.3857437e-06,3.673587e-06,3.1468608e-06
8.297008e-06,0.9999609,1.5312697e-05,8.504182e-06,7.067381e-06
5.357057e-06,0.9999758,9.008797e-06,5.2581086e-06,4.6472264e-06
1.7307675e-05,0.999913,3.615702e-05,1.9129408e-05,1.4433603e-05
1.5990085e-05,0.99992096,3.221211e-05,1.7528273e-05,1.32880905e-05
1.2476204e-05,0.99994147,2.2818544e-05,1.29885875e-05,1.0187667e-05
3.262642e-05,0.999853,5.5443386e-05,3.3255263e-05,2.5590703e-05
2.2784054e-05,0.9998909,4.3265492e-05,2.4546274e-05,1.8511508e-05
1.7284881e-05,0.99992454,2.6542983e-05,1.774255e-05,1.3832719e-05
2.6750015e-05,0.9998778,4.5647605e-05,2.8573853e-05,2.1140066e-05
2.1761682e-05,0.99990773,3.154217e-05,2.1144184e-05,1.7915494e-05
1.710296e-05,0.9999201,3.0672243e-05,1.7688122e-05,1.44786645e-05
0.0001865399,0.9991659,0.00030274605,0.00020908698,0.00013577461
0.00013189862,0.9994112,0.00021233172,0.00015160111,9.302893e-05
0.00022141139,0.9990927,0.00029489174,0.00023223595,0.00015877312
6.1375526e-05,0.9997161,0.00010955696,6.5263725e-05,4.761482e-05
0.00021809393,0.9989784,0.0003838321,0.00026374045,0.00015599914
0.00019294726,0.99918133,0.00028013432,0.00021182341,0.00013377485
0.00015025574,0.9994369,0.00017034537,0.00013923473,0.000103210776
0.000110688285,0.9995221,0.00017336363,0.0001145668,7.929145e-05
0.0005400065,0.99786144,0.0005650838,0.00066667725,0.00036679627
0.00021328859,0.9990613,0.00033534243,0.00023746931,0.00015262321
0.00026608552,0.99879766,0.00043551193,0.00030997375,0.00019079453
0.0008324703,0.99639505,0.0012238494,0.000998125,0.0005504854
0.00026709842,0.9989396,0.00032875512,0.00027911222,0.0001853957
0.0032210734,0.9859658,0.004843788,0.0039286125,0.0020406747
0.0016326385,0.99303764,0.0018497263,0.0024712048,0.0010088483
0.0004998138,0.9979942,0.000632181,0.0005385836,0.00033523736
0.0024314672,0.9908029,0.0021294039,0.0031855365,0.0014507155
0.0009921237,0.9955449,0.001559035,0.0012163118,0.00068757444
0.0021651485,0.9915426,0.002116887,0.0028078249,0.0013675258
0.003433341,0.9900709,0.0021107565,0.0027299684,0.001655129
0.006223164,0.97223455,0.006510494,0.011410952,0.0036208204
0.011525779,0.95338696,0.008598143,0.020326704,0.0061624246
0.0015728768,0.9934083,0.002231751,0.0017394957,0.0010475011
0.009244314,0.96401435,0.007825486,0.013645947,0.005269879
0.010540037,0.9568169,0.009166002,0.017549071,0.0059280023
0.0030592594,0.98730844,0.0033685826,0.0043479516,0.0019157259
0.0017556968,0.9929584,0.00232416,0.0018374022,0.0011243223
0.0018445785,0.99293846,0.0021474087,0.0018496978,0.0012198434
0.0028027487,0.98842186,0.0039990214,0.0030790628,0.0016972171
0.013050221,0.94541484,0.011716234,0.022103291,0.0077155074
0.020443,0.9476577,0.009023441,0.0144371055,0.008438812
0.019769123,0.9156161,0.016222293,0.03736684,0.011025726
0.019491768,0.91971076,0.016098682,0.034561075,0.010137728
0.011438985,0.9531715,0.011157198,0.017711423,0.006520858
0.04405926,0.80810016,0.02790398,0.09896846,0.02096821
0.022864867,0.8935294,0.02372176,0.04703871,0.012845207
0.04684559,0.8122397,0.030324735,0.08561766,0.024972258
0.014409053,0.939122,0.014228605,0.023974918,0.008265397
0.0120601235,0.94579834,0.014157909,0.021076547,0.006907048
0.033309445,0.85208255,0.031135226,0.06569463,0.017778216
0.052286908,0.7513583,0.047827423,0.116624236,0.03190313
0.014266161,0.94414103,0.01267408,0.021183573,0.007735198
0.08061453,0.55682623,0.06629737,0.25330234,0.042959463
0.029318048,0.85942346,0.0348839,0.059529856,0.016844824
0.045419943,0.804262,0.038524702,0.08688759,0.024905762
0.044783983,0.7949405,0.043300137,0.09295451,0.024020923
0.027620075,0.85575163,0.03569244,0.064156935,0.016778883
0.035917602,0.8516332,0.03148082,0.06070088,0.020267515
0.08295914,0.80598783,0.032647435,0.046688035,0.031717543
0.06521258,0.72469944,0.04719267,0.12820053,0.034694806
0.057816308,0.7957427,0.031397976,0.08528061,0.029762464
0.09817855,0.50357246,0.07052062,0.27968818,0.048040222
0.026772348,0.87751013,0.031769924,0.04810098,0.015846677
0.054266054,0.7640314,0.0494184,0.10234476,0.02993941
0.083171,0.6295551,0.06043149,0.18692315,0.039919253
0.10320017,0.4316251,0.07137078,0.34527266,0.048531294
0.08181643,0.583619,0.066408694,0.22618797,0.04196789
0.021067014,0.9044738,0.026149148,0.035353657,0.012956384
0.0828334,0.5899129,0.07398671,0.20476492,0.048502114
0.09969387,0.5924941,0.06654614,0.18902369,0.05224221
0.0737658,0.7059329,0.04924919,0.13284414,0.038207974
0.12988533,0.35870534,0.08354503,0.36413953,0.06372481
0.04034569,0.8262579,0.04242856,0.06753492,0.023432992
0.06752504,0.7241799,0.059295982,0.10797844,0.0410205
0.08103151,0.6556586,0.06670583,0.14893003,0.047673985
0.0644595,0.67545944,0.07224463,0.15230155,0.035534907
0.08289804,0.5895672,0.08153818,0.1984126,0.047584
0.08933956,0.5142369,0.10170767,0.24481991,0.049895912
0.09089534,0.6123445,0.07763538,0.16631317,0.052811567
0.1329948,0.45857134,0.07933013,0.2605704,0.0685333
0.119314745,0.40735668,0.09049443,0.32182413,0.061010066
0.13214776,0.33654553,0.091115355,0.37042743,0.069763966
0.12542751,0.6902163,0.052050542,0.08452101,0.047784608
0.1071342,0.4108428,0.10008007,0.32228535,0.059657577
0.098059334,0.29464868,0.116358295,0.43481982,0.05611384
0.10516588,0.5726314,0.07871567,0.18443947,0.05904755
0.12516186,0.3830719,0.09995336,0.31979424,0.07201865
0.088210724,0.56134206,0.09959009,0.19513522,0.055721886
0.086888455,0.51933146,0.119072355,0.22428536,0.050422385
0.11096352,0.4855026,0.096466735,0.2417498,0.06531734
0.14740834,0.27757856,0.10151588,0.4010649,0.07243225
0.11002473,0.46295652,0.10014171,0.26372215,0.06315491
0.28168088,0.16776526,0.08599207,0.3791073,0.08545456
0.09955602,0.4824867,0.117389485,0.23718156,0.06338627
0.10745094,0.35003552,0.15119259,0.3275001,0.06382085
0.12979218,0.3006309,0.11567321,0.38141507,0.07248869
0.13812575,0.2957277,0.120077975,0.36688974,0.07917881
0.12347267,0.39835462,0.12954308,0.27404505,0.07458457
0.12713672,0.24578181,0.13207543,0.41890123,0.076104715
0.117111854,0.46718013,0.113535345,0.23680565,0.06536704
0.124478646,0.35061914,0.13221513,0.3184575,0.07422951
0.12890954,0.23343602,0.12810041,0.4333428,0.076211154
0.120165154,0.46280178,0.110690705,0.22929202,0.07705035
0.11728804,0.30737796,0.1411655,0.36453104,0.06963746
0.13667996,0.2766111,0.11593292,0.39353845,0.077237576
0.2342156,0.13528699,0.106483504,0.44249427,0.08151962
0.23204263,0.10605264,0.08970745,0.49790537,0.074291945
0.1205087,0.4102043,0.12412201,0.27490142,0.070263565
0.099237606,0.122999445,0.23944677,0.48292488,0.05539135
0.18621221,0.12298968,0.12403804,0.49187785,0.07488219
0.20965673,0.10641069,0.106975585,0.49939147,0.077565484
0.12780398,0.32618722,0.15623114,0.31080607,0.07897161
0.13515757,0.21906532,0.13197072,0.43844202,0.07536441
0.18762888,0.11654556,0.11566533,0.5030282,0.077132
0.13631941,0.2897561,0.13518734,0.35880297,0.0799342
0.14391793,0.21845515,0.12820576,0.423901,0.0855202
0.12842414,0.30194268,0.15369087,0.34037355,0.07556879
0.21795212,0.14414465,0.13039906,0.42424843,0.08325577
0.21560606,0.13802363,0.1300937,0.42863062,0.087645955
0.18994276,0.085353516,0.102933586,0.55185467,0.06991551
0.18021251,0.08882607,0.10748576,0.553489,0.069986604
0.12029489,0.23553945,0.1465262,0.42286196,0.074777536
0.10742062,0.11969334,0.24152462,0.46659017,0.064771324
0.11176109,0.11171274,0.2142145,0.4905117,0.0718
0.12321993,0.09388616,0.18342061,0.5238187,0.07565468
0.12219212,0.1450102,0.25545186,0.40579033,0.0715555
0.19291219,0.12299559,0.12893815,0.48239413,0.0727599
0.0998412,0.08581667,0.20632678,0.5442637,0.06375168
0.18950196,0.087773,0.106659256,0.54263824,0.073427536
0.12850167,0.13810013,0.24812308,0.40741342,0.077861704
0.11168793,0.099519014,0.22914273,0.48691514,0.07273519
0.11883161,0.10223042,0.2034974,0.5043683,0.07107231
0.09503544,0.061799493,0.19757597,0.58881736,0.056771707
0.12713912,0.13331234,0.25930047,0.39417684,0.08607128
0.11411213,0.07927373,0.20000033,0.53560674,0.07100705
0.11212359,0.065336995,0.16826805,0.58048004,0.07379126
0.11936555,0.11365092,0.25966123,0.43231004,0.07501227
0.13075739,0.091082625,0.19936667,0.5003023,0.07849099
0.108958215,0.07463919,0.20244104,0.5421572,0.07180435
0.09974822,0.13317397,0.3705252,0.32510716,0.07144544
0.09987516,0.12475358,0.36558318,0.34111556,0.06867254
0.119194604,0.09746926,0.26437724,0.4385705,0.0803884
0.118509404,0.072719894,0.2081173,0.5180712,0.08258224
0.09281696,0.09354418,0.35567644,0.39728066,0.06068169
0.11229754,0.09859244,0.27730748,0.43763277,0.07416981
0.106144354,0.08810282,0.28800887,0.44506943,0.07267457
0.19707164,0.078123145,0.12188394,0.5216755,0.08124575
0.09406188,0.10791096,0.40295416,0.33017343,0.06489963
0.10638134,0.09979163,0.2988012,0.42263627,0.07238953
0.08974716,0.07778653,0.2949805,0.478546,0.058939833
0.11135571,0.07557133,0.26327333,0.4813694,0.06843023
0.118628986,0.12183738,0.31005758,0.37093607,0.07853992
0.11404386,0.11414755,0.32310024,0.37295654,0.07575183
0.08934788,0.04711243,0.1905481,0.6119439,0.061047696
0.09167442,0.07415847,0.34087557,0.43135884,0.06193263
0.11629368,0.06668342,0.18151832,0.56084716,0.07465746
0.0866832,0.08085879,0.35631144,0.41493967,0.061206877
0.10482916,0.104304634,0.35828,0.35175505,0.080831185
0.08620827,0.06996486,0.34606186,0.4378336,0.05993147
0.11435453,0.0680873,0.22413144,0.5203969,0.073029876
0.10529244,0.05913161,0.22190961,0.5382095,0.07545681
0.092591256,0.05146185,0.25290933,0.54301083,0.06002679
0.110992454,0.08764633,0.32003972,0.40370333,0.07761824
0.104132295,0.058871023,0.26365435,0.50021166,0.07313068
0.08997981,0.063215315,0.3501564,0.42760134,0.06904704
0.10251489,0.051150426,0.2575355,0.51572406,0.07307517
0.07512281,0.055246066,0.38729948,0.42685756,0.055474147
0.08910273,0.05450301,0.3270138,0.46373263,0.06564786
0.09315278,0.055578005,0.3004936,0.48309207,0.067683555
0.10466019,0.051464047,0.23835848,0.5248189,0.08069832
0.099828616,0.071107335,0.35812,0.40077317,0.0701709
0.09177436,0.05344298,0.31728154,0.47585437,0.06164676
0.10236036,0.046278782,0.20565915,0.5730876,0.07261409
0.11179887,0.05000061,0.21446006,0.53797585,0.08576464
0.08953988,0.05997297,0.4265003,0.35703117,0.066955656
0.094114676,0.05080023,0.2980667,0.4854894,0.07152906
0.0723327,0.038516648,0.31306893,0.5235419,0.052539732
0.105876766,0.0430435,0.19554585,0.57991683,0.07561713
0.06131979,0.048558187,0.55043817,0.2900371,0.049646772
0.11370917,0.05946023,0.30134922,0.42865095,0.09683042
0.06789341,0.04215695,0.37832886,0.4583562,0.05326458
0.09467326,0.044376597,0.26366067,0.5249874,0.07230201
0.08456997,0.060416,0.48084348,0.30973086,0.06443974
0.09380848,0.05947317,0.4137639,0.35867137,0.074283
0.08716144,0.048714124,0.37759322,0.4156859,0.07084538
0.10081634,0.04842324,0.31519586,0.45438722,0.08117732
0.052494735,0.04241945,0.6148081,0.24708053,0.04319724
0.095143355,0.049125914,0.3671197,0.40874472,0.079866335
0.10871356,0.061386447,0.39592326,0.35374784,0.08022884
0.075734615,0.05911045,0.529989,0.26928076,0.06588516
0.08581446,0.047337215,0.4203096,0.37482888,0.071709864
0.089308284,0.04600336,0.34831512,0.44301987,0.07335336
0.075707555,0.040787205,0.35624096,0.4672857,0.059978545
0.093043216,0.041254606,0.3344424,0.46149686,0.06976297
0.07213356,0.050363876,0.5604871,0.2502461,0.066769384
0.07861224,0.039100107,0.42243406,0.39459032,0.06526324
0.09563985,0.04105211,0.29480278,0.48741034,0.08109489
0.07208657,0.030583974,0.35626453,0.48441184,0.056653112
0.10793433,0.047699206,0.33507895,0.4111666,0.09812093
0.04822619,0.035513107,0.65542084,0.2186906,0.042149194
0.06035685,0.03564672,0.55463046,0.29565033,0.053715676
0.0760175,0.042286955,0.51269394,0.3022369,0.06676473
0.09998524,0.040753495,0.37297356,0.40189934,0.08438837
0.08248282,0.041561607,0.46229085,0.3376226,0.07604217
0.07324445,0.037255645,0.52253956,0.29853383,0.06842654
0.100581795,0.03565707,0.28996015,0.49043465,0.08336639
0.058837604,0.027457092,0.47383532,0.38958374,0.05028628
0.07090723,0.035089877,0.51012135,0.32312107,0.060760442
0.07011779,0.03291767,0.50143445,0.33107722,0.06445285
0.07587889,0.029190017,0.30180675,0.52689606,0.06622833
0.086616985,0.04246162,0.47672442,0.311424,0.082773
0.051708877,0.032215163,0.6446951,0.22468576,0.046695057
0.068956226,0.028110884,0.38849267,0.4525461,0.061894186
0.057189953,0.033138037,0.6263945,0.23049064,0.052786835
0.07689963,0.029569192,0.3816215,0.4450532,0.066856556
0.071601495,0.035677496,0.5014844,0.32429165,0.06694494
0.05554346,0.025231266,0.5194522,0.34785542,0.05191761
0.07336898,0.037770685,0.5503973,0.26986068,0.06860237
0.08356967,0.03727523,0.45046344,0.35248896,0.07620261
0.06767677,0.025972622,0.37602895,0.46580172,0.06452002
0.074084945,0.032127954,0.476877,0.34474024,0.072169885
0.076402724,0.034216467,0.47450843,0.34356734,0.07130495
0.057182793,0.02559316,0.54526657,0.31367716,0.058280252
0.06962568,0.024483215,0.34776118,0.49174,0.06638996
0.0537281,0.02540775,0.59893256,0.27009305,0.05183853
0.055433337,0.022066563,0.52564484,0.3451899,0.051665347
0.05412892,0.026256427,0.58497965,0.28003007,0.054605007
0.05827629,0.023043703,0.45016187,0.4109486,0.057569582
0.063261494,0.021754717,0.33026817,0.520325,0.06439054
0.060279835,0.02277775,0.4497353,0.40921307,0.057993993
0.06810943,0.023149488,0.41929185,0.4205333,0.06891588
0.051128585,0.021242434,0.56784177,0.3098957,0.049891576
0.08290981,0.0279512,0.4219664,0.3802907,0.08688193
0.06868898,0.02142799,0.32935256,0.51683843,0.063691996
0.06286243,0.024155546,0.5435386,0.3060688,0.06337464
0.079607695,0.024930773,0.35945955,0.45164955,0.08435242
0.06247643,0.021364283,0.43576095,0.4104814,0.069916986
0.061447263,0.024901861,0.56239665,0.28560436,0.06564986
0.0699692,0.024074903,0.42338294,0.40328583,0.07928714
0.07819889,0.022826849,0.3667403,0.45054558,0.08168838
0.053272333,0.020043215,0.5961141,0.27053392,0.060036458
0.06938933,0.020621292,0.33438304,0.4942839,0.081322365
0.05790161,0.022037977,0.5789284,0.27958792,0.061544076
0.06445329,0.02067724,0.41508833,0.42931435,0.07046676
0.055172317,0.020242786,0.59628683,0.2663779,0.06192021
0.074998744,0.02292555,0.49367324,0.3261763,0.082226254
0.053933334,0.019411825,0.5909642,0.27406415,0.061626423
0.0757942,0.021651594,0.39777997,0.40778053,0.096993685
0.0768847,0.022934904,0.46533072,0.3400441,0.09480562
0.061440922,0.018482259,0.4729087,0.37130785,0.07586019
0.049029205,0.016955825,0.6578551,0.21912996,0.05702987
0.054268695,0.016686464,0.51647013,0.35199443,0.06058025
0.06399195,0.020591468,0.56533754,0.26409966,0.08597937
0.063821785,0.017598297,0.4169188,0.42342013,0.07824091
0.08015128,0.02205409,0.44093952,0.35502648,0.1018286
0.03611276,0.013195002,0.70544344,0.201604,0.043644756
0.053772166,0.017397873,0.5963661,0.2665229,0.065940954
0.06450823,0.018819684,0.46862224,0.36438352,0.08366627
0.061753362,0.018652488,0.5054609,0.33694494,0.0771883
0.062168192,0.016398873,0.3526765,0.49017885,0.078577586
0.0500427,0.016572036,0.5768629,0.29261994,0.06390241
0.045817178,0.015395731,0.6343166,0.24906111,0.055409424
0.06675047,0.018116191,0.43455666,0.39498702,0.08558964
0.077010125,0.018407924,0.31212652,0.48645467,0.1060008
