Cycle,Charge_Current,Discharge_Current,Temperature,Capacity_Increment,Relaxation_Voltage,Discharge_Capacity
2,0.5,1,25,"[0.0, 28.964081333628314, 67.20148875808837, 106.45223719602677, 147.39771641077743, 189.95332824224408, 240.1640090382723, 293.1028605110729, 349.52261805883677, 405.4721059858557, 460.31494584091206, 514.361178099738, 568.2695222344582, 622.368276697467, 678.1171712166641, 734.0891626401982, 788.3183209347748, 840.4680590454221, 890.4771114939293, 938.1494545971417, 983.6057081697896, 1026.2720724901587, 1066.2513250938268, 1104.863304904235, 1142.2028729947483, 1178.6541088340568, 1213.7189312175428, 1248.435050345524, 1282.924004041035, 1317.5142057800258, 1352.1285655611714, 1386.803727510458, 1422.0160593718597, 1457.6766888712482, 1494.2970721216207, 1530.615796681322, 1568.6321883610703, 1606.7452856205423, 1645.51507803918, 1684.4615263146497, 1722.7203254441488, 1761.206083055546, 1798.566757315566, 1835.0145068495008, 1870.3612570835917, 1904.4026019504709, 1937.650269661127, 1969.6619052511655, 2002.0900306673657, 2024.8888717671039]","[4.182436, 4.1781836000000006, 4.1751914, 4.1731439, 4.171293299999999, 4.1698365, 4.1686554, 4.1676712, 4.166568799999999, 4.1658206, 4.1651511, 4.164403, 4.1638126, 4.1632218]",3183.273218029381
3,0.5,1,25,"[0.0, 30.169516093732852, 67.92569347116614, 106.54101696029221, 146.44282784763874, 190.6126083909457, 239.34051776467567, 293.11167871316087, 349.2054257580791, 405.4491482185654, 460.4143303465847, 514.6332056017677, 568.096094606613, 622.3896400234387, 677.9958296177181, 733.7296459241729, 788.1685555595625, 840.7345328369909, 890.3156352518984, 938.138567181886, 982.9630884621611, 1025.7382936684194, 1065.8121287803824, 1104.7316033247046, 1141.8655395254757, 1177.4958805166334, 1213.0968909297487, 1247.8010893018904, 1281.9671337996508, 1316.808896217828, 1351.087921133675, 1385.3756539925282, 1421.5212609348189, 1457.4086698986723, 1493.7428651768082, 1530.3033049552087, 1568.0567486437255, 1605.9897815916447, 1644.9717975640942, 1683.7394367611878, 1722.1377323400247, 1760.2172626250335, 1797.8617862779984, 1834.5729267459114, 1869.768066381766, 1903.5133804132224, 1936.5049234113926, 1968.6857228668846, 2000.3202540228303, 2023.9935128670259]","[4.1826329, 4.178262200000001, 4.1753488, 4.1732225, 4.171529799999999, 4.1700335, 4.1687341, 4.1677103, 4.166923000000001, 4.1661353, 4.1654663, 4.1646786, 4.1641273000000005, 4.1635761]",3183.7701476424127
4,0.5,1,25,"[0.0, 30.795028566097642, 68.2372788395731, 106.56740311008053, 146.87556391954337, 190.75493151717995, 238.98196440537419, 292.5574221998061, 348.4444014478575, 405.0285332362078, 459.8910837362201, 513.7981295384561, 567.1835307182726, 621.0977787164015, 677.048490236494, 732.3077484631149, 787.04942928533, 839.8386856099758, 889.6294514234874, 937.3012592398115, 982.328971133694, 1024.479908362765, 1065.668568885197, 1103.3835419231584, 1140.5681739668225, 1176.747717728017, 1211.9558424236227, 1246.2026012003726, 1281.0000423519855, 1314.9792822837642, 1350.144919102927, 1384.2177095914506, 1420.0298416034707, 1455.749737403649, 1491.9925974610715, 1528.97646537372, 1566.8726486778983, 1604.9568945801007, 1643.9774189620555, 1682.2569053707023, 1721.3068029235667, 1759.312129829437, 1796.7719554203543, 1833.0986866733226, 1868.1464544462458, 1902.0740915457288, 1934.9392462278404, 1967.2730577782315, 1998.6547048954842, 2024.126050569593]","[4.182436, 4.1784201, 4.1752305, 4.1729865, 4.1713328, 4.169954799999999, 4.1688128, 4.1677103, 4.1668048, 4.166017500000001, 4.1651907, 4.1646395, 4.1640091, 4.1634579]",3182.648535088568
5,0.5,1,25,"[0.0, 23.019465056218678, 60.279017028858505, 98.72983177731447, 138.92068530550642, 182.00516599471763, 229.25073510683882, 282.452898444209, 337.223037072566, 394.34652609731717, 449.35848775103494, 503.9739869230122, 557.3626531950151, 611.7393873204867, 667.7873637045129, 723.8313644465786, 778.1484164344672, 830.024821495723, 880.5871605698499, 928.4273668769051, 972.8499606894677, 1015.6035550733991, 1056.1361728316624, 1094.4574521089937, 1131.5595876698249, 1167.3064162463218, 1202.6478018791029, 1237.1528014312155, 1271.98857667463, 1306.310276944955, 1341.3893595434022, 1375.6847270213073, 1411.2431973865487, 1446.3851273637272, 1482.9471560556678, 1520.026353762257, 1557.5521656432834, 1595.6186445172132, 1634.2233058685908, 1673.3685215615117, 1711.697604277021, 1749.9119517985143, 1787.397289819137, 1823.9320322213764, 1858.812155496538, 1892.5909480065718, 1925.7009194614473, 1957.6995657545906, 1989.0290415124189, 2009.3469103707546]","[4.1824756, 4.1782231, 4.1752701, 4.1730256, 4.171293299999999, 4.1699939, 4.1687737, 4.1676316, 4.1668048, 4.1659384, 4.1653085, 4.1646786, 4.164166900000001, 4.1634974]",3181.023292672525
6,0.5,1,25,"[0.0, 26.976887006063123, 64.07098285587688, 102.06404298582964, 141.84854010775763, 185.60303382067133, 233.57360308025994, 287.0853202039604, 342.3817053114158, 399.5215398899973, 454.27444205327896, 508.9729819398248, 561.7585091547776, 615.9149414059618, 670.8318213934717, 726.7182915392546, 781.152143905517, 834.0362493852131, 883.9310448091862, 931.5580309512761, 976.1990812955582, 1018.2222753804833, 1058.7238446066401, 1097.4952389569642, 1134.0382672742314, 1170.0974381954572, 1205.3553722401564, 1239.7199559836674, 1274.077595073785, 1308.5394707391292, 1343.17119961061, 1378.2852780630542, 1413.3623189651473, 1449.2889050369001, 1485.1589842501426, 1521.9717688879218, 1559.6121126096032, 1598.4145082649375, 1636.0224452482996, 1675.5747554856605, 1714.083442557672, 1752.276647688064, 1789.5684935987704, 1826.0461249644438, 1860.79915465817, 1894.5534219648177, 1927.9787610259557, 1959.7736978274959, 1991.3634403270496, 2009.0369219098573]","[4.182436, 4.178026200000001, 4.1751914, 4.1729469, 4.1712146, 4.1697183, 4.1685767, 4.1676316, 4.1666079, 4.1658206, 4.1652298, 4.1645999, 4.1639304, 4.1634579]",3179.05170891805
7,0.5,1,25,"[0.0, 33.101889950926875, 69.71967034481605, 107.7850060719793, 147.97854375930137, 190.2596922680542, 238.5963355504556, 292.69349729706266, 348.4883791284848, 404.8120458218633, 459.96268263694253, 513.8081497061326, 566.3731027113672, 621.0037782183314, 675.9428566987289, 732.0475153273331, 786.5842764030621, 837.9167910760171, 888.0584730967638, 936.4204637978927, 980.8033508656698, 1022.7037210677353, 1063.2174783336145, 1101.8219122285113, 1139.0712821924985, 1174.723468437901, 1209.8010478335873, 1244.7442809555573, 1279.4621510924935, 1313.6656217638051, 1347.9679558563103, 1382.95980780614, 1418.2973217786143, 1454.1703025653628, 1490.357325833074, 1527.4852437669551, 1564.3771488185912, 1603.1604642655334, 1641.6130184623185, 1680.6219301811307, 1719.009104187181, 1756.9519841789997, 1794.976528890034, 1831.1420945825225, 1866.5665797088818, 1900.0877494117967, 1932.5812873280115, 1964.4256565174514, 1995.6187322395635, 2022.7978523708762]","[4.1825147000000005, 4.178026200000001, 4.1751518, 4.1728287, 4.1712146, 4.1697578, 4.1686554, 4.1676316, 4.1667261, 4.1658993, 4.1651115, 4.1644816, 4.1638913, 4.163537]",3177.197942069633
8,0.5,1,25,"[0.0, 23.10886272858062, 60.011946935249, 97.87731280676195, 137.58704596129877, 180.10425211856858, 228.14231823042013, 281.8525633235624, 337.43173415239636, 393.55994059800827, 448.94882438817814, 503.39682653307074, 556.2095520191854, 609.8639533037544, 665.6687199075081, 720.8618805017074, 775.6452235016593, 827.8101546808439, 877.9565646613007, 925.1674260034704, 970.2507117911591, 1012.993184696614, 1053.200704672684, 1091.0783182564448, 1128.3196039100665, 1164.1356705168998, 1199.641874437605, 1233.8403422502129, 1268.301315505417, 1302.6983509783279, 1337.2388122898249, 1371.3505860323178, 1406.9685208478725, 1443.0339547031026, 1479.119619982196, 1516.401887626293, 1553.7213174088404, 1591.885223287714, 1630.3769486072974, 1669.2553218874064, 1707.703209582126, 1745.865266142449, 1783.5804246493863, 1819.6575224862436, 1854.7492683009632, 1888.5483878488913, 1921.2184010068072, 1952.9343950089424, 1984.1492631323677, 2008.092575009971]","[4.1823573, 4.1781049, 4.1753488, 4.1729865, 4.171175, 4.1696792, 4.1686945, 4.1677103, 4.166923000000001, 4.166017500000001, 4.1651907, 4.1645603, 4.1641273000000005, 4.163537]",3175.134330957166
9,0.5,1,25,"[0.0, 24.2389618926386, 60.830166128805445, 98.48648205197532, 138.69195550013131, 180.68319868386624, 228.72189127791358, 282.37376855111694, 338.48567928710287, 394.95986171775706, 450.3539654336757, 504.5293643395706, 558.2223672759774, 610.0240181658578, 666.0059477801103, 722.0372926209016, 776.2134217252931, 828.2203942122767, 878.3749285406773, 925.9850553754677, 970.7133229855508, 1013.1666107564013, 1053.265375171003, 1091.8810966635228, 1128.8647723464571, 1164.1661857549032, 1199.4167425954693, 1233.6426413246731, 1268.3430488479246, 1302.8749987336537, 1337.1791525898902, 1371.7195698750022, 1406.9656686294713, 1442.9045906680112, 1479.1655457579836, 1515.6207421647619, 1553.2975283318822, 1592.0347566838136, 1630.3826462653587, 1668.5525929706469, 1707.4116607874662, 1745.0334557152692, 1782.197571545339, 1818.461231763691, 1853.9134836110106, 1887.5082378089046, 1919.8819406489843, 1952.0166869548611, 1982.9232628675659, 2008.6943079620355]","[4.1822786, 4.1781049, 4.1751127, 4.17275, 4.1711359, 4.1696792, 4.1683402, 4.1674347, 4.1664505, 4.165781, 4.1650329, 4.164403, 4.1638913, 4.1633792000000005]",3172.635869477537
10,0.5,1,25,"[0.0, 28.842339323459043, 65.51950081582595, 102.89136726334283, 143.04355816795322, 185.34097373969627, 233.04564265432788, 286.37743464943, 342.55553155554304, 398.8006916489846, 453.6946055004324, 508.03737922902116, 560.5984422410834, 614.5591611210002, 669.0931393120488, 724.8713073366298, 779.348413161799, 832.0943131510494, 881.897857297288, 929.1097567924485, 974.0425703443339, 1016.4082875018184, 1056.240043266721, 1094.4262067215006, 1131.4780020861913, 1167.265036714791, 1202.194948345011, 1236.8865071157668, 1271.2231204148256, 1305.0200381479062, 1338.962269302539, 1374.361723569975, 1409.6399053920657, 1445.2599323841757, 1481.1195532465292, 1518.647456050902, 1555.4861255011153, 1593.909861211445, 1632.353217883859, 1670.8323829350647, 1709.0828838007142, 1747.2083477609162, 1784.5280568571102, 1821.370244386842, 1855.8612735619167, 1889.674321862496, 1922.2860031182363, 1954.4469438932583, 1985.500322299566, 2008.4692928689237]","[4.1823177000000005, 4.1779079, 4.1751518, 4.1727896, 4.171175, 4.1697578, 4.1686554, 4.1676712, 4.1664505, 4.1658597, 4.1650329, 4.1645212, 4.16397, 4.1634579]",3170.1356661135524
11,0.5,1,25,"[0.0, 32.65597034124005, 69.10461090184651, 106.66422103264284, 146.13824019125076, 187.9746954190927, 235.9280388813367, 288.60095526647007, 344.97395632832155, 401.7127311089485, 457.05774949317293, 511.2289509715262, 563.9015156467058, 616.7011812309652, 671.8424157390218, 726.5106026094352, 781.1559656585127, 833.6315588726072, 883.1742264727206, 931.0621711279728, 975.5450811982648, 1017.7877550484143, 1057.599381723276, 1095.7982434308885, 1133.1285921125836, 1168.64011059155, 1203.6302073998468, 1237.6931691754492, 1272.565427697994, 1306.4089032742438, 1341.1646771496544, 1375.9538585267603, 1411.1288947921828, 1446.2359892902498, 1482.891252033451, 1519.8730957965956, 1557.066973820598, 1595.1005354817817, 1633.6539608580006, 1672.797690812365, 1711.125736933544, 1749.423755153788, 1786.7651167088575, 1822.8759358701914, 1857.6811478053082, 1891.4673439322478, 1924.82502233184, 1955.8099347972966, 1987.1590107463994, 2008.0208522958037]","[4.1823964, 4.1780653, 4.1751518, 4.172868299999999, 4.1712146, 4.1698761, 4.1686158, 4.1676712, 4.1666474, 4.1659384, 4.1653085, 4.1645212, 4.16397, 4.1634579]",3167.8803651076946
12,0.5,1,25,"[0.0, 33.38063317778352, 69.8854497208959, 107.52309364781922, 147.18845386637554, 188.5732694157873, 236.07075892225896, 289.50062580624694, 344.96607180483954, 401.03719843478325, 456.61131258384364, 510.49671928959185, 563.2215743791006, 616.4902396528873, 671.408329949965, 726.5657568610895, 781.0648643405086, 833.3752444086365, 883.2568053785478, 930.7248360588526, 975.5757917995552, 1017.3002527680192, 1057.7234686397026, 1095.8414027323993, 1132.7423290094775, 1168.3901517140566, 1203.2655428353785, 1237.9864641189347, 1271.6470386229594, 1306.0116523023078, 1340.6261653045426, 1375.43489522694, 1410.6324874543604, 1446.2953029699313, 1482.6974546399583, 1519.3077642934027, 1556.9627498641541, 1594.8432340795066, 1633.447950273335, 1672.3536177655376, 1710.8199865270146, 1748.9454414467275, 1786.1858598443048, 1822.2960329235486, 1857.448642486883, 1891.065345442398, 1924.336884262367, 1955.3700161799413, 1986.3824017538652, 2007.2713559857873]","[4.1822, 4.1778688, 4.1749945, 4.1729078, 4.1711359, 4.1697183, 4.1685371, 4.1674347, 4.166568799999999, 4.165781, 4.1651511, 4.1645212, 4.1639304, 4.163537]",3165.560833466392
13,0.5,1,25,"[0.0, 32.72194589611553, 69.02001606526517, 106.63220780713948, 145.42924721418296, 187.9568268290658, 234.8131205827632, 287.47873558551726, 344.076415354661, 399.7786535073684, 455.49766700865223, 508.7105998355372, 561.6788750358369, 615.1271367075672, 669.6398589924784, 725.4671575416503, 779.0758003254625, 831.7522041437101, 881.9806714681472, 929.2499181192309, 973.8749278280543, 1015.8680038333168, 1055.8621254329837, 1094.6540832219193, 1131.0092637073265, 1165.89713860909, 1201.652243609568, 1235.9567020434263, 1270.6486573341429, 1304.5927618108453, 1338.914423506703, 1373.0222487479402, 1408.853453025641, 1444.3976245115723, 1480.5730477150023, 1517.1257816574214, 1555.15034613052, 1593.0984686692175, 1631.581372850683, 1670.6287413879297, 1708.6411195928342, 1746.7837371795902, 1783.9126609417187, 1819.9136516160481, 1855.4338567619823, 1889.0612536142187, 1921.4636743738163, 1953.1963898136494, 1984.3781802004985, 2008.3564547074386]","[4.1823177000000005, 4.1779079, 4.1750336, 4.1727896, 4.170939, 4.1695213, 4.1684585, 4.167356, 4.1664896, 4.1658206, 4.165072400000001, 4.1645999, 4.1638913, 4.1633792000000005]",3163.18342930176
14,0.5,1,25,"[0.0, 22.62185355458996, 58.95573674391272, 96.07288871698768, 135.30572402935456, 177.52306665824779, 223.74183159635163, 277.19171521668386, 332.9690096701228, 389.01703657305177, 444.32682799057727, 498.56962230871807, 551.4182580420797, 604.2213219434275, 658.6780939091664, 714.6355620283725, 769.0666914968954, 820.7867841106361, 870.981892486562, 918.2029320115641, 962.4991977498412, 1004.964586751669, 1044.7067092609464, 1082.9481972127867, 1119.7454390138005, 1155.414224881806, 1190.2201234175006, 1225.0608737128587, 1258.5936616255774, 1293.7282570063774, 1328.0309534309542, 1362.6778101318766, 1397.4797641670866, 1432.8519090688771, 1469.62501826008, 1506.4674574355147, 1543.6212730997845, 1581.6658046642567, 1620.011788087568, 1659.188236569975, 1697.3754207253558, 1735.3729973808793, 1772.6368067897108, 1808.9764524620462, 1843.813671022728, 1877.5444473405234, 1910.2815158693136, 1941.5897270975113, 1972.778028535499, 1993.1719824540203]","[4.1822786, 4.1779079, 4.1751518, 4.17275, 4.1712146, 4.1697578, 4.168379799999999, 4.167356, 4.1666865, 4.1656628, 4.165072400000001, 4.1645603, 4.1639304, 4.1633792000000005]",3160.463969120005
15,0.5,1,25,"[0.0, 30.394853413882288, 66.95168163346091, 104.01571541470491, 143.39453441440594, 185.22371391186869, 231.7139992154797, 284.8721720845973, 340.23818860277765, 397.1895846928827, 452.7136428549003, 506.19760136710534, 558.6306458882459, 612.109491568827, 666.4461829783327, 721.3201282437374, 775.4127295992048, 827.6053890740793, 878.2062123079661, 925.227853142557, 970.2538084247346, 1011.7478937396218, 1051.3649694506626, 1089.9416635607663, 1126.7935574715764, 1162.172765525008, 1197.3971839638045, 1231.8734923755787, 1265.8505292292937, 1300.0929217522705, 1334.525861374802, 1369.028930023656, 1404.2785291160383, 1439.690326126138, 1476.0359057754652, 1512.7580077849234, 1550.4058243989364, 1588.416233260479, 1626.722916525623, 1665.4205945312353, 1703.9834593123662, 1741.792961352858, 1779.3764527153564, 1815.0904954256605, 1850.230436859423, 1883.7817170871328, 1916.5260127513518, 1948.1965395110858, 1979.0088708017217, 2007.062864586792]","[4.1822391, 4.178026200000001, 4.1749945, 4.1728287, 4.171096299999999, 4.1696792, 4.1686158, 4.1675529, 4.1667652, 4.165781, 4.1651511, 4.1645603, 4.16397, 4.1633792000000005]",3157.643689058296
16,0.5,1,25,"[0.0, 22.648186888569, 58.94133593100139, 96.03061984026601, 135.0856882947328, 176.807497962997, 223.14783923310756, 276.4221994376667, 332.22775493250276, 388.5113462580173, 444.1893526411443, 497.94800490147975, 550.4897060960683, 603.4210702404059, 657.7914210362103, 712.9646101824815, 766.9504604126216, 819.4926352003461, 868.4451551447246, 916.4996488908782, 960.4510693614429, 1002.8145503156586, 1042.9843338220676, 1081.174383202488, 1117.5639075150718, 1153.4752551729657, 1187.9301339801907, 1222.3087918188464, 1256.7864829004773, 1290.7862434842364, 1324.6910997348457, 1359.73442982297, 1394.9109855075953, 1430.7134205236482, 1466.8226591658392, 1503.6066119427314, 1540.9143542387362, 1578.3679511116486, 1617.5211695910962, 1656.0796814726566, 1694.4246857031178, 1732.5185493681004, 1769.8279817776963, 1805.9189713484423, 1840.9144277247462, 1874.415961561395, 1906.6831068129002, 1938.5633834812922, 1969.432807907626, 1992.8329706752509]","[4.1823177000000005, 4.1779079, 4.1750731, 4.1727896, 4.1711359, 4.1695609, 4.1684980000000005, 4.167474299999999, 4.1666079, 4.165781, 4.1651115, 4.1645999, 4.1638517, 4.1633401]",3154.963401710475
17,0.5,1,25,"[0.0, 34.87017174161383, 71.06059750129515, 108.25304952823637, 146.87366027354005, 188.85653716675324, 234.99430565609293, 287.44811734232087, 343.56800220679963, 400.0943818892532, 455.65165289949175, 508.64690228143934, 562.069927877839, 614.7882941540208, 668.8115183362959, 723.9821233318544, 778.0212973355997, 830.8767892606645, 879.8859404534257, 927.3675706399783, 971.9237707960419, 1013.497961396763, 1053.7791904120218, 1092.1622048963372, 1128.44197808569, 1164.043847766102, 1198.9379250190534, 1233.0740719729715, 1267.7779534217732, 1301.5124174578934, 1335.9314810565645, 1370.715914806413, 1405.6183520988304, 1441.1108751561983, 1477.1938168872093, 1513.7901759872632, 1551.5618422657476, 1588.9815744150073, 1627.7175967308738, 1666.385073383983, 1705.0667467233873, 1743.1278449441354, 1780.3715844081923, 1816.3554034190695, 1851.4710950984947, 1884.986913255186, 1917.66930515921, 1949.0580866755174, 1979.9937653748323, 2006.686459597033]","[4.1821208, 4.1777506, 4.1747975, 4.172868299999999, 4.170939, 4.1694427, 4.1682615, 4.1672773, 4.1663718, 4.165545, 4.1650329, 4.164403, 4.1638126, 4.1631432]",3152.355543507621
18,0.5,1,25,"[0.0, 20.8399364046482, 57.01520771153076, 94.57790672943725, 132.60008458270795, 174.7380909148926, 219.92758834625818, 273.16272413105935, 329.23557859987113, 385.5538919724754, 440.8460159331802, 494.48648634929486, 547.0955589754337, 600.069691198509, 653.8049499561173, 709.072855884217, 762.9459000519864, 815.0889697931086, 865.0965651550805, 912.110881609344, 956.4409163118441, 999.0186538333016, 1038.214685192574, 1076.8874745752137, 1113.3674869602562, 1149.2899341574919, 1184.1462174540843, 1218.298061519301, 1252.7124311722575, 1286.5186977519875, 1320.6785947613275, 1355.3028442131827, 1390.6486376566088, 1425.8844212542651, 1462.216644002435, 1498.6860993039152, 1536.4096978045395, 1574.2497447328308, 1612.6692622731678, 1651.4943286841362, 1689.9703922579333, 1727.9146458057412, 1765.2825895135388, 1801.204192861634, 1835.7540758510718, 1869.8536611446034, 1902.1501488738218, 1933.7678424405276, 1964.5888818096182, 1991.9765380439599]","[4.1821208, 4.1779475, 4.1748371, 4.172868299999999, 4.171096299999999, 4.1694822, 4.1684189, 4.1673956, 4.166568799999999, 4.1657419, 4.1650329, 4.1645212, 4.1638913, 4.1633792000000005]",3150.08745020684
19,0.5,1,25,"[0.0, 21.6890210630944, 57.3099202066623, 94.91529918823579, 133.28819119309236, 174.33501134681973, 221.46425794345288, 273.0097251726033, 328.8480631386614, 385.449949890039, 441.0136154023508, 494.57261772925307, 546.9385629066271, 599.4802012813379, 654.3710672973232, 708.4203748984471, 763.3274912216646, 815.19011265117, 865.1806416127461, 912.3202886316119, 956.8159145315326, 998.5962639925062, 1037.7483124858882, 1076.2924279995611, 1112.9347619575349, 1149.0647703303287, 1183.3245638438761, 1217.4327536126746, 1251.5528117390595, 1286.3013200262296, 1320.3062346996205, 1355.018611845167, 1390.105833121596, 1425.9002574896597, 1461.746793789845, 1498.302050806787, 1536.1230179531494, 1574.0973710667606, 1612.1327434188975, 1650.9363505677327, 1689.233088552143, 1727.321154932142, 1764.9017271135797, 1800.6447727902184, 1835.61427853468, 1869.4838574410012, 1901.4134738060181, 1933.2089836678617, 1964.3183994102662, 1992.2077018497055]","[4.1820817, 4.1778293, 4.1748371, 4.1726322, 4.1708994, 4.1695213, 4.168379799999999, 4.1673956, 4.1665292, 4.1657419, 4.1648755, 4.1643639, 4.1638517, 4.1633792000000005]",3147.475788093938
20,0.5,1,25,"[0.0, 35.04270636708918, 70.78747772862198, 107.80198004942241, 146.14423904943538, 187.86887392889622, 234.2844700634875, 286.22285099540176, 341.9468139396825, 398.23497338372505, 453.8683715300229, 507.75360542488767, 559.8023184975159, 612.1167342705141, 666.8363611912098, 721.2084711614077, 775.3081293695375, 827.8111576671338, 877.9327083579542, 924.3666959370203, 968.4925257817317, 1011.3770838391638, 1050.529417013619, 1088.6228259620896, 1125.5142529673246, 1161.4212827351141, 1195.719655416416, 1229.6970843640577, 1263.906940664353, 1298.3213743961765, 1332.526911315708, 1366.9537221586147, 1402.3811509374157, 1437.6517506663863, 1473.790347035282, 1510.6865409325205, 1548.3280092636862, 1586.1016452855943, 1624.283975253708, 1663.0211031830133, 1701.4247110719095, 1739.268739829509, 1776.70156663993, 1812.3831850987374, 1847.414707451989, 1880.9842685033425, 1913.5621580658433, 1945.3664355512226, 1976.3033072331998, 2005.8536888791912]","[4.1822, 4.177711, 4.1747975, 4.17275, 4.170939, 4.1694427, 4.1682615, 4.1673164, 4.1663718, 4.1654663, 4.1648359, 4.1640882, 4.1636157, 4.1631036]",3144.544643044976
21,0.5,1,25,"[0.0, 29.61085549157724, 65.46281001911177, 102.47280243907056, 140.59513855224026, 182.0650305642444, 227.48790924726546, 280.13037407178984, 335.2020710585322, 391.9726251244211, 447.743769169538, 501.72196595675047, 553.6163505401651, 606.1799483527402, 659.9088233588309, 714.6796945871097, 768.8262264701104, 821.676569039978, 870.735080094915, 917.9221041848552, 962.5557418829555, 1003.8465538730693, 1043.958337842917, 1081.6638285583358, 1118.734323199986, 1153.7920852363095, 1188.8130500947382, 1223.2512850412156, 1256.9375305770288, 1291.3102755485147, 1325.631134983198, 1360.529132879707, 1394.9853346558186, 1431.0381044846106, 1467.1893121672551, 1503.6327235805195, 1541.2324127905943, 1579.1093895347185, 1617.258488229528, 1656.3310174256478, 1694.7703104893192, 1732.5247937710749, 1769.7218926388803, 1806.1028597371253, 1841.2418002188326, 1874.3149004401823, 1907.0032154794587, 1938.5196851074809, 1969.4370659253916, 1992.5424328733995]","[4.1821208, 4.1776323, 4.1748371, 4.1725926, 4.170860299999999, 4.1693249, 4.1681828, 4.1673164, 4.166293100000001, 4.1653872000000005, 4.1648755, 4.164166900000001, 4.1636944, 4.163261400000001]",3141.859929581841
22,0.5,1,25,"[0.0, 26.51199624856764, 62.68903599842696, 99.56168203061804, 137.95601795082894, 179.03542978531232, 225.0899241898834, 276.4755255071358, 332.5958979606668, 389.2490976666953, 443.9376953847085, 497.4364658142682, 550.5963527906237, 602.1549743229477, 656.8813229776348, 711.5759894174436, 765.3075969056846, 817.5993580618534, 867.3917881518245, 914.3155682988196, 958.9199281654547, 1000.856051449639, 1040.2831770232974, 1078.5794268473742, 1115.158895504745, 1150.6750002763602, 1185.1536885738528, 1219.501536617755, 1253.9721599252907, 1287.546798901666, 1322.3226166609556, 1356.6883228537067, 1391.8169509298646, 1427.3205342424403, 1462.7329263740826, 1500.1061254588249, 1537.5118740754465, 1575.6206866922507, 1613.568972838722, 1652.4150288173964, 1690.6543576197282, 1729.0027394844014, 1766.133970574314, 1802.0136285830836, 1836.4158640730543, 1870.4252819812764, 1903.01000244106, 1934.4454510562555, 1965.3884807903883, 1992.453964925673]","[4.1820421, 4.177711, 4.1747975, 4.1727896, 4.1708207, 4.1695213, 4.1683011, 4.1671987, 4.1663322, 4.1655841, 4.1651115, 4.164166900000001, 4.1636548, 4.1631036]",3139.607013974746
23,0.5,1,25,"[0.0, 29.35979586132663, 65.71992108614421, 102.07801033361545, 140.31037640926252, 181.95744257587694, 227.13946085620682, 278.7549027921609, 334.45402177716085, 391.28254123627187, 446.61462664292867, 500.1801960425462, 552.8911311794386, 605.3000211846553, 659.192054424036, 713.8744039261934, 767.3934156284319, 820.2203391281527, 869.5272390405925, 916.938927576596, 960.7591828811679, 1002.9598533614113, 1042.5656647871042, 1080.264095151539, 1117.2016196454033, 1152.577894664344, 1186.9549055644811, 1221.6670763731709, 1255.3095200251655, 1289.6739876290926, 1324.1245737531194, 1358.7069090952873, 1393.4160642124075, 1429.2957679884662, 1465.2033989109254, 1501.654240023439, 1539.4579106453439, 1577.566417677394, 1616.4006471490197, 1654.6496101612406, 1693.143615359389, 1730.7861390473026, 1768.0413386626683, 1804.3719406412783, 1839.096817660291, 1872.5051642467597, 1904.6224816842628, 1936.2164250313836, 1966.762447261097, 1992.4802101232917]","[4.182003, 4.1776719, 4.1748762, 4.1725926, 4.1708207, 4.1694822, 4.1681433, 4.16712, 4.166293100000001, 4.1655841, 4.1648359, 4.1641273000000005, 4.1635761, 4.1631823]",3137.434063266738
24,0.5,1,25,"[0.0, 26.510758674483952, 62.81474631234141, 99.31633090384435, 137.78127003488964, 178.84507388818986, 224.04764904859508, 275.8555487984579, 332.0269554706571, 388.23696188561973, 443.5393212964094, 497.83146421835806, 550.0048458757256, 601.4606037029265, 655.178293513622, 710.2366421271703, 764.3897781391769, 816.1340590708156, 866.059118363212, 912.3086699888576, 957.0396952320021, 998.8665711117541, 1038.6906084508355, 1077.0672277651292, 1113.2742910279644, 1148.798797230378, 1183.809541041138, 1217.7829454142561, 1251.8165575453859, 1285.8102752530554, 1319.8832322651, 1354.1513224733762, 1389.267413966314, 1425.0074664643544, 1460.732443448147, 1497.5091924768199, 1534.533278613906, 1573.0384079161772, 1611.0843927609253, 1649.572649765009, 1688.2814638855884, 1726.1507371776916, 1763.206904014265, 1799.1999409447676, 1834.0760089758933, 1867.9950554329648, 1899.8583442521353, 1931.1741167166733, 1961.6760003046516, 1990.9542863566085]","[4.1820817, 4.1775932000000005, 4.174758, 4.172710899999999, 4.171096299999999, 4.1696396, 4.1682615, 4.1671987, 4.1662536, 4.1656237, 4.1649542, 4.164403, 4.1636944, 4.1632218]",3135.50051272922
25,0.5,1,25,"[0.0, 26.287753771851044, 62.35559921350375, 99.00488062648179, 137.2645817315809, 178.05196252083744, 223.5043352838316, 275.32506415902304, 330.51396211968864, 387.35383579907165, 443.1827283369609, 496.11214098110094, 548.8758542537655, 600.5795919510658, 655.0571299388337, 709.1176457879433, 763.17369606085, 815.3639149774326, 864.9624459379515, 911.7269196553698, 955.738829679593, 997.5868347504284, 1037.510087119307, 1075.2049514391008, 1111.06185825565, 1146.874004621689, 1181.8720415406885, 1215.598814306828, 1249.4562372068583, 1283.1244340516319, 1318.013999622759, 1351.8298641362496, 1387.4586883701588, 1422.7219100284594, 1458.9367166041982, 1495.1787528392283, 1532.7300399759486, 1570.6331998742119, 1609.122036167055, 1647.5085371864495, 1686.195278064846, 1724.055504829991, 1761.0955522157653, 1797.3583074751257, 1831.5960237031015, 1865.7162882223558, 1898.1054796313776, 1929.283305084711, 1960.122756814745, 1977.1860857850472]","[4.1820817, 4.1776719, 4.1746402, 4.17275, 4.1708207, 4.169364, 4.1681433, 4.1671591, 4.1662536, 4.165545, 4.1648755, 4.1640882, 4.1636157, 4.1631036]",3132.970188626845
26,0.5,1,25,"[0.0, 29.1091318648767, 65.0235267742849, 100.857999007871, 140.0528983513011, 181.25837565695952, 226.04666411364747, 276.8581947614267, 333.2202224656751, 389.82624020541823, 445.05063196745584, 498.56588349305866, 550.772414867763, 602.7902230458667, 656.293192687659, 711.013567284738, 764.6067855143322, 816.3394376024992, 866.2858279534892, 912.8672794051665, 956.9185531931614, 998.927080579819, 1038.5681828323923, 1076.1117709054947, 1112.920076828261, 1148.2824560020404, 1182.9354782727596, 1217.1957589678743, 1250.8972231232087, 1284.763799795177, 1319.381825055765, 1353.8775551300091, 1388.862507762157, 1423.9535359324088, 1460.1253238067325, 1497.0555188406558, 1534.3908865069943, 1572.4067082305176, 1610.325632317907, 1648.937797869009, 1686.9580107662864, 1725.4002008915813, 1762.462880299288, 1798.5032608886186, 1833.1631180226336, 1866.7070466620353, 1899.0602418130816, 1930.6474782257478, 1961.5869791081723, 1978.6068239825431]","[4.1819634, 4.177553700000001, 4.1746006, 4.1723566, 4.1708207, 4.169364, 4.1680255, 4.1670804, 4.1661353, 4.1653481, 4.1646786, 4.16397, 4.1636944, 4.1629462]",3130.290074833576
27,0.5,1,25,"[0.0, 31.807969883786313, 67.35896834953923, 103.95773759213023, 142.1838477367976, 182.65905474140038, 228.00528487959275, 279.2275750530305, 334.6163886077792, 390.530024706425, 446.4166619334834, 500.11947506120043, 551.3724018562525, 603.1312789990134, 657.6464603972047, 711.9130763075168, 765.5811637683587, 817.2644170015112, 867.2004397338253, 914.1233966218354, 958.1285514291592, 1000.1192023114818, 1039.7738072314646, 1077.8393347259382, 1114.2416049096796, 1150.0196647873033, 1184.4433366939575, 1218.5604135635992, 1252.1808807090679, 1286.1241781191434, 1320.4955763419791, 1355.2969394842657, 1390.1170181601142, 1425.2538354908047, 1461.6435109829094, 1497.4772450839532, 1535.1972438098485, 1573.6266371789181, 1611.586981610757, 1650.21792482342, 1688.6469198529446, 1726.3205101582973, 1763.4432630554832, 1799.671578426755, 1834.5306848912844, 1867.9837953560516, 1900.3863692825673, 1931.9040594735377, 1962.6440683940784, 1992.0755458431674]","[4.1820421, 4.177475, 4.1746006, 4.1723566, 4.1705451, 4.1692066, 4.1679468, 4.1669621, 4.1660962, 4.1653481, 4.1645212, 4.1638913, 4.1633792000000005, 4.1629462]",3127.811014665257
28,0.5,1,25,"[0.0, 27.985160170329607, 63.92937505491432, 100.27176400867046, 138.3455231538985, 179.11118897778954, 224.32285890919843, 275.33476975389885, 330.7874710999056, 387.06228085797, 442.10951060937134, 496.3190937511107, 548.3818925247134, 600.5115727811628, 653.7964208747555, 708.464244520891, 762.1754230507338, 814.1525052961417, 862.9841579644315, 910.7322996847877, 954.3895406692311, 996.6320222321754, 1036.618744628088, 1074.0675261307074, 1110.2317717283897, 1145.9771428630288, 1180.5836317573167, 1214.2740502337133, 1248.9652039552439, 1282.8909600972745, 1316.9299102050966, 1351.4939781421083, 1386.0590626170497, 1421.4313681462354, 1457.545494031013, 1494.3546415149183, 1531.0587568013689, 1569.4362309999626, 1607.680132339772, 1646.3361448039284, 1684.2798602741902, 1722.5467529204273, 1759.4646216727936, 1795.8611125577925, 1830.1928951561229, 1864.2251032923925, 1895.9886536816664, 1927.627428529853, 1958.5225580141775, 1977.5096972094054]","[4.1820421, 4.1776719, 4.1746793, 4.172435299999999, 4.170860299999999, 4.169364, 4.1681433, 4.16712, 4.1661353, 4.1654663, 4.1647573, 4.1642456, 4.1636548, 4.1631036]",3126.1539934402117
29,0.5,1,25,"[0.0, 29.108912979490583, 64.69219742170651, 100.76373458444726, 139.12406998854135, 179.514130015987, 224.34092122609638, 276.21359976931114, 330.9017689787096, 387.8447134916197, 442.6083821081088, 496.1214933019131, 548.7410234517304, 600.3710722551393, 654.1085010951398, 708.2520840112026, 761.9664813980536, 814.1741982690977, 863.567949173074, 910.1708862299728, 954.4998247277944, 996.6113935965733, 1035.945470307277, 1074.1554931952219, 1110.298912408054, 1145.712092619306, 1179.609664336825, 1214.5251432854352, 1248.3557622204403, 1282.1114576885875, 1316.3756283867815, 1350.862614697006, 1385.5075088997924, 1421.1780423238883, 1457.3240958134957, 1494.070488183599, 1531.338346587554, 1568.8028210469556, 1606.9170842611657, 1645.9508893786233, 1683.9731282945186, 1721.4900312473337, 1759.1451401101003, 1795.1075984404547, 1829.9021064678077, 1863.371223080257, 1896.3003227536929, 1927.1537509067489, 1958.1392036379916, 1977.4169672424996]","[4.1819634, 4.1775932000000005, 4.1747189, 4.1725531, 4.170860299999999, 4.1695213, 4.1681828, 4.1671591, 4.166214, 4.1653872000000005, 4.1648359, 4.1641273000000005, 4.1636548, 4.1633005]",3123.943751695559
30,0.5,1,25,"[0.0, 27.00532795035923, 62.356465978967094, 98.77944214574632, 136.82306424753597, 177.55020349659765, 222.55390064073708, 273.31899164140384, 328.79135637117656, 385.4734244941412, 439.99989273287963, 494.08234171718755, 546.282604738413, 597.8994484283878, 650.8882855439372, 705.5039986265908, 759.6693477496449, 811.281680215041, 860.47284983278, 907.2659911295443, 951.7922904448583, 993.6654534088038, 1033.1793978314047, 1070.9067036109159, 1107.3805331359565, 1142.7508789676497, 1177.0200856959348, 1211.6931734636325, 1245.3799892917132, 1279.178994595608, 1313.3055921768855, 1347.5238081215905, 1382.8908439624752, 1418.3693990278073, 1454.0376979029013, 1490.2731570012375, 1527.8519440837065, 1565.8778418342627, 1604.1080824897513, 1642.6511248358001, 1680.8647198886733, 1719.3312189732892, 1756.0825469616075, 1792.2722049464023, 1826.7961492649824, 1860.4193408909005, 1892.5190071612, 1924.1480785725653, 1954.7960796046145, 1976.28879786689]","[4.1821208, 4.1776719, 4.1746793, 4.172435299999999, 4.1708994, 4.1694427, 4.168379799999999, 4.1671591, 4.1661749, 4.1654663, 4.1646786, 4.1641273000000005, 4.1635761, 4.1631036]",3121.371586592884
31,0.5,1,25,"[0.0, 22.056867401654642, 57.30989958409964, 93.68608581776863, 131.82355792610417, 172.568825567065, 216.6355540841115, 268.2674055980315, 323.2951953489576, 380.5368925310636, 435.16148377090997, 488.5476008863553, 539.9154080547568, 592.5255485798114, 645.6826739387833, 699.8909073938727, 753.5446666579659, 805.0548542251687, 855.0145667185506, 901.6550276347135, 946.0547425011001, 987.7811057317427, 1027.5977033391837, 1065.144128175541, 1101.5047277175136, 1136.7555240206916, 1171.561394962515, 1205.3021084880797, 1239.7093539097664, 1273.3938436482958, 1307.3025567041864, 1342.0153949211144, 1376.9610738110619, 1411.811700978681, 1448.0253224029952, 1484.503767161184, 1521.4251244884708, 1559.5337736411948, 1597.916072758253, 1636.4941567149144, 1674.7413772835757, 1712.8142491598842, 1749.6567069936355, 1785.9740916536684, 1820.4639546092785, 1853.643275304425, 1886.751627754662, 1917.8385343591422, 1948.7127109018656, 1976.6065959986713]","[4.1818848, 4.177553700000001, 4.1746793, 4.1725531, 4.1708207, 4.169285299999999, 4.1681828, 4.1672378, 4.166214, 4.1655054, 4.1648755, 4.164206, 4.1636157, 4.1631036]",3119.54960011746
32,0.5,1,25,"[0.0, 23.103602480626478, 58.55837428212436, 94.79764049394538, 132.9227735289055, 173.41674615007037, 217.43186276828294, 268.4066986439551, 324.06546601847697, 380.782230704447, 436.4448330793206, 489.30459130607494, 541.3733204901431, 593.3221574549214, 646.061322169668, 700.0081570916901, 754.4297130368772, 805.8881690895665, 855.0961294303271, 902.1168095251033, 946.6502416519423, 987.9733906265668, 1027.1061179701196, 1065.422930750019, 1101.4804031195335, 1136.8909360623165, 1171.689316743496, 1205.2759640216086, 1238.9147229680652, 1273.1559338867883, 1307.4911036376334, 1342.1003480900472, 1376.7496473496162, 1411.7306715382797, 1447.4833204127972, 1483.645657560553, 1521.7190779643456, 1559.5773518552933, 1598.1065436235535, 1636.7699281381247, 1675.0609549698688, 1713.2411294938338, 1750.2586388456075, 1786.2316356737579, 1821.4877440482733, 1854.7608123092032, 1886.6558055187697, 1918.2672491342064, 1949.1271014807216, 1977.24858913025]","[4.1821604, 4.1777506, 4.1746402, 4.1725531, 4.170939, 4.169364, 4.1683011, 4.1670408, 4.166214, 4.1652694, 4.1648359, 4.1640487, 4.1636157, 4.1631432]",3117.388619050025
33,0.5,1,25,"[0.0, 22.707624139367397, 58.17277904348896, 94.40914011342306, 131.97466984440734, 172.53366009319734, 217.1920918827376, 267.69658261105656, 323.2684094996125, 379.40814354730617, 434.7209922115022, 488.0879021524296, 540.4871887125138, 591.8862344747703, 644.9863004109554, 698.8801419994854, 753.2232667252354, 805.0339903247523, 854.0199745560776, 900.9958468419254, 944.6767553889695, 986.5420989916106, 1025.6865637868198, 1063.8118236065613, 1100.1477313783091, 1135.2070928914757, 1169.8686538624313, 1204.026248228711, 1237.5503541834332, 1271.47348066355, 1305.7926589580684, 1339.737170341159, 1375.2569638723865, 1410.5820355973863, 1446.3426159045503, 1482.9135757043352, 1520.484769715221, 1558.1598212789509, 1596.596901005228, 1634.7888640671001, 1673.0198690814636, 1711.1539243563657, 1748.1429892075857, 1784.3097749561975, 1818.7307543649486, 1852.5437972826994, 1884.5797016333677, 1916.2000173358547, 1946.9310557050658, 1976.782351510281]","[4.1819634, 4.177553700000001, 4.1746793, 4.1724744, 4.1708207, 4.1694822, 4.1682224, 4.1671591, 4.1660962, 4.1653872000000005, 4.1647182, 4.1640882, 4.1634579, 4.1631036]",3115.40444677368
34,0.5,1,25,"[0.0, 22.244414425211517, 56.726167128014254, 93.51452314579956, 131.28389429033354, 171.6688363375901, 216.06541679257504, 266.5685784876085, 322.19060134178693, 378.2244179783332, 433.847864926457, 487.27421802395867, 539.7727816919391, 590.7913405657202, 644.0060131790913, 697.4872060601681, 751.241610174168, 803.5609244659549, 852.9133021395885, 899.8130301831757, 943.3083414292569, 985.30526579361, 1024.8253570706756, 1062.579991548974, 1098.5581291878423, 1134.185284407826, 1168.7440368626928, 1202.6375970847712, 1236.4585118571993, 1270.409249940905, 1304.32752693773, 1338.9231910633878, 1373.599123197816, 1408.7811277832016, 1445.0194282990783, 1481.2074239253395, 1518.1173949716906, 1556.0128689267224, 1594.782630643831, 1633.2517727452798, 1671.4177033288122, 1709.4651385178342, 1746.312236335633, 1782.3124869122896, 1816.7726272366774, 1850.4251095535085, 1882.7058386635683, 1914.4336235856756, 1945.152201099046, 1963.263172719726]","[4.1818848, 4.1773963, 4.1747189, 4.172435299999999, 4.1707029, 4.169167, 4.1681828, 4.1672378, 4.1660566, 4.1652298, 4.1647182, 4.164166900000001, 4.1636548, 4.1629066]",3113.380857762182
35,0.5,1,25,"[0.0, 22.3839472557122, 57.67569734911757, 94.17808113013757, 131.69605980399916, 171.9736613108352, 216.2305375139727, 266.7819842115593, 322.21029511429987, 378.4257299724092, 433.416416472579, 487.0998095772996, 538.7477073256616, 590.6811093552385, 643.1038981677859, 698.3615255405091, 751.6077707900511, 802.6985859008721, 852.5865314535467, 899.2991259846222, 942.9725713523844, 985.2652454128608, 1024.3550907250915, 1062.597679549439, 1098.2569194260184, 1133.519593701713, 1167.6796521502565, 1201.9319614624653, 1236.200676455329, 1270.1165409551345, 1303.9341567697622, 1338.3915877097425, 1372.9460862854232, 1408.5144868723883, 1443.9998488771373, 1480.7058213130283, 1518.2377767320552, 1555.8462276351615, 1594.278137731067, 1632.5772615244498, 1670.8753567248912, 1708.7150329251592, 1745.8928221582075, 1782.0672121953187, 1816.4855704619465, 1849.8937409326215, 1882.4984720257382, 1913.9954057911548, 1944.733558991947, 1962.0107577008732]","[4.1817665, 4.1774354, 4.1744432, 4.172198799999999, 4.170506, 4.169049299999999, 4.1679072, 4.1667261, 4.1659384, 4.1650329, 4.164403, 4.1638126, 4.1633401, 4.1626706]",3110.812956828206
36,0.5,1,25,"[0.0, 20.28313040472449, 55.4625127071219, 92.108246528623, 128.83411797706924, 169.3199860276975, 213.66823449164258, 264.39428170420535, 320.2049252906071, 375.96710915571407, 431.4594409404509, 484.86881923734484, 536.867724398125, 588.446736704136, 641.3507753924724, 694.6950096424631, 748.490252846976, 800.5616871024739, 850.002158440033, 896.2890771641959, 940.4108088275765, 982.0735053843531, 1021.8563779074126, 1059.1862748511207, 1095.7634926218661, 1130.6320248072411, 1164.7716006196824, 1198.772674268998, 1232.9625009271263, 1266.3584033995717, 1300.5897214901179, 1335.409767084413, 1370.2912404485828, 1405.5125518415393, 1441.5948558641026, 1477.9824664177436, 1515.2078130057716, 1553.1052091248803, 1591.4903658935664, 1629.8625080513139, 1668.3438225872032, 1706.2682146506686, 1743.0755991953456, 1778.8670490057402, 1813.9809667804857, 1847.7271189138064, 1879.700494083128, 1911.3326598105173, 1941.8319928435758, 1962.5156907589399]","[4.181845200000001, 4.1775932000000005, 4.1747189, 4.1724744, 4.1706634, 4.1692066, 4.1681042, 4.166923000000001, 4.1662536, 4.1653085, 4.1645999, 4.1640091, 4.1634579, 4.1629066]",3109.351329790986
37,0.5,1,25,"[0.0, 20.578083961462482, 55.09076451936198, 91.41396036672188, 129.6141525884808, 169.4574429276696, 213.8821699637657, 264.21489112239306, 320.1866996530765, 376.1169397908568, 431.0683203171617, 484.4218671727356, 536.4436783007361, 587.7642002083945, 640.986566660161, 694.6455985757058, 748.6851056646623, 799.7962415651779, 849.7931968276399, 896.0547395216032, 939.8440011759743, 981.8601124334222, 1020.4241759018836, 1058.5187016802356, 1095.0505285955333, 1129.9772600727015, 1164.773135990964, 1198.7674605150942, 1232.7350211275325, 1266.475080259659, 1300.1126628077122, 1334.6805626978971, 1369.4689004811253, 1405.2378746384916, 1441.1464636697601, 1477.8368899023717, 1515.0869200367852, 1553.098137425361, 1590.9121086315545, 1629.7657075192296, 1668.0269513514445, 1706.0351181180895, 1742.979768466978, 1779.2670868371256, 1813.715904200913, 1847.0458643142852, 1879.5137720640223, 1910.8518511209463, 1941.7024300030516, 1963.2584402579078]","[4.182003, 4.177475, 4.174482299999999, 4.1722383, 4.1707816, 4.1690884, 4.1679468, 4.1668835, 4.165978, 4.1652694, 4.1645212, 4.16397, 4.1633005, 4.1627889]",3107.2325362813285
38,0.5,1,25,"[0.0, 33.81953530731823, 69.12551442810212, 104.86090586132832, 142.5662681901776, 182.5214055213417, 226.8408072358872, 277.30658176077435, 332.1341346466134, 388.71917812246335, 443.63076231061024, 496.9984638322945, 549.1723096033995, 600.4966097004017, 653.1221211781858, 707.5371966903951, 760.5447805053238, 812.1281004431996, 862.2015869986813, 908.6613930876645, 952.4057091153068, 994.008734675197, 1033.5670918214662, 1070.9797417670245, 1107.4704258877632, 1142.8068614337108, 1177.1840384435518, 1210.8057548297195, 1245.1086147831786, 1279.0042484113385, 1313.2572762780744, 1347.140189113307, 1382.1015361266748, 1417.5781783684693, 1453.6029032185218, 1490.2619994530412, 1527.4925659778194, 1565.1669637023692, 1603.1607111316805, 1641.9867744001072, 1679.7954411107257, 1718.0979377328113, 1754.999986444192, 1791.23827545408, 1825.459305185383, 1859.3479328865951, 1891.6905233600182, 1922.9835617137755, 1953.7506519075973, 1977.3951784431297]","[4.1818848, 4.1774354, 4.174482299999999, 4.1723566, 4.1706634, 4.1691279, 4.1678286, 4.1668444, 4.1659384, 4.165072400000001, 4.164403, 4.1638517, 4.1633005, 4.1629066]",3105.4752566042744
39,0.5,1,25,"[0.0, 19.800306849903734, 54.687216201832655, 90.593895472241, 128.41403234347382, 167.97484236666781, 212.18394274067765, 262.990701920209, 317.8141438393837, 374.0189857777356, 429.43929257084625, 483.064265948903, 534.7790971723971, 586.4430829611583, 639.0561093682852, 692.7604871767369, 746.35921235254, 798.2301652779556, 847.7392520187057, 894.2346699405093, 937.9638812572773, 979.4181266290723, 1018.8153203849092, 1056.6756600897693, 1092.7883942189221, 1128.2524358442004, 1162.676595688566, 1196.7258721694777, 1230.3229182443495, 1264.0150831428737, 1298.399197167271, 1332.0791506165167, 1367.6274197765179, 1402.3494214394905, 1438.6121825291086, 1475.6050409658174, 1512.680234371838, 1550.534667649858, 1588.7703052858342, 1626.7645614791093, 1665.7461890633526, 1703.2587964473387, 1740.3217453793868, 1775.8687432693564, 1810.2972345259382, 1843.9805082647595, 1876.431204861868, 1907.991207396307, 1938.581257314575, 1962.6324145058193]","[4.1818848, 4.177356700000001, 4.174521899999999, 4.1722775, 4.170506, 4.1692066, 4.1678677, 4.1668444, 4.166017500000001, 4.1653481, 4.1645212, 4.1640091, 4.1633792000000005, 4.1629858]",3103.546383771295
40,0.5,1,25,"[0.0, 29.957639843105767, 65.47661965547502, 101.34573468108158, 138.5821179505562, 178.75493573659372, 222.791208646931, 272.85998385001693, 328.23513094780816, 384.7416376852903, 440.04749672649297, 493.1607707356057, 545.3366719639569, 596.5831231078914, 649.4511669461517, 702.9481849737217, 756.3415494884994, 808.1220395961677, 857.4500790330319, 904.0618918968155, 947.9327297708437, 989.2949213380414, 1028.9244437190064, 1066.563196366459, 1102.515514229516, 1137.7817039790734, 1172.4414676788142, 1206.3901150449494, 1239.9922907782354, 1273.93926621707, 1307.8442860004184, 1342.5474753066992, 1377.2123454779019, 1412.5510865578906, 1448.0702674923823, 1485.2132200108097, 1522.2089642138221, 1559.9561760208487, 1598.184111016193, 1636.1425754981015, 1674.528276906809, 1712.2056782188783, 1749.3853817327345, 1785.3941998188607, 1819.6497702284241, 1853.106234023593, 1885.3420345931154, 1916.9866561757058, 1947.3761029775237, 1977.0075365019393]","[4.1818848, 4.1774354, 4.1746402, 4.1724744, 4.1705451, 4.1690097, 4.1679072, 4.166923000000001, 4.1660566, 4.1652694, 4.1645603, 4.1640882, 4.1633005, 4.1629066]",3101.618160491673
41,0.5,1,25,"[0.0, 30.42975218240923, 65.1481585235424, 101.44626756841171, 138.85549233961876, 178.14072701647535, 222.21043710811273, 272.2498954620786, 327.55836406100264, 384.0856469361946, 439.3166779831648, 492.67611346252045, 544.5882723692382, 595.808643565622, 648.4105952353602, 702.4114065617925, 756.2749004404141, 807.5169181288265, 856.3419345625475, 903.0580089731982, 946.9045714029053, 988.9430694919079, 1027.8895064912135, 1065.540686149607, 1101.5254339477208, 1136.6193214007367, 1171.118025902878, 1204.799196319947, 1238.3653086569482, 1272.149776729702, 1306.4475262703195, 1340.971748245942, 1375.722457055857, 1411.0059306536518, 1446.6677566547492, 1483.013828870334, 1520.0408130590515, 1557.861363972797, 1596.4024157281324, 1634.675524877844, 1672.8207715522863, 1710.8810403251791, 1747.9317425752656, 1783.653116723563, 1818.366478545844, 1852.2388700127672, 1883.8408512528367, 1915.2931181790705, 1946.0349476363313, 1963.4267559442133]","[4.1818061, 4.1771994, 4.1743646, 4.1718445, 4.170190799999999, 4.168931, 4.1676316, 4.1666474, 4.1656628, 4.1649151, 4.1640882, 4.1637335, 4.1629462, 4.1625524]",3099.187912799071
42,0.5,1,25,"[0.0, 31.23593766473175, 66.32792987564898, 102.09157674731091, 139.51171291018653, 179.56974556873848, 223.2868912707982, 273.0793539123068, 328.68325511202664, 384.9450880710477, 439.9964790997664, 493.1113860533288, 545.3330619592914, 595.9809277777374, 648.6220557488148, 702.3297450236446, 755.3712123627674, 807.6048494428037, 856.4394866175244, 903.1494046745884, 947.0351881166691, 988.344701744091, 1027.5405733914397, 1064.8876946080218, 1101.4431233158607, 1136.5253301562022, 1170.8413186493033, 1204.3668946238022, 1238.4112755721083, 1272.382873558283, 1306.510038281859, 1340.3513980571986, 1375.3927907203447, 1410.9804607892418, 1446.2852497220133, 1482.6839664965282, 1519.9944874299376, 1557.6682388576914, 1596.357619515312, 1634.208946895781, 1672.690697458864, 1710.2924336741037, 1747.341712795236, 1783.395024255685, 1817.8429883059987, 1851.3215817043895, 1883.751698708749, 1915.3084727402754, 1945.8996720102757, 1975.8103227007375]","[4.1818061, 4.177278, 4.1744037, 4.1722383, 4.1704664, 4.1689701, 4.1677499, 4.1666079, 4.1658206, 4.1651115, 4.164403, 4.1637731, 4.1632218, 4.1627889]",3097.8933726807977
43,0.5,1,25,"[0.0, 30.988458932194476, 66.52718399313682, 102.0791878726045, 139.11725379793637, 178.52222067609733, 221.85638883234486, 271.45532820366856, 325.657789289121, 382.2696588492367, 436.8370431332099, 489.95348912129253, 541.5078749625002, 592.0492576999998, 644.8107219890232, 698.0388230527044, 751.2185025718779, 802.6625574951963, 852.1821827765204, 898.3644368310686, 942.0476887484892, 983.628622325519, 1022.9184928889092, 1060.353436047965, 1096.5301644220208, 1131.6956417942974, 1166.312229709145, 1199.9712156391083, 1233.7663576096563, 1266.888782445531, 1301.113028475216, 1335.8093600470922, 1370.1750561799217, 1405.5396556779763, 1441.7101963702082, 1477.8877650705006, 1515.0751662439843, 1552.7909482929804, 1590.8324348245105, 1629.1780973548189, 1667.8132293506476, 1705.450456676486, 1742.1440780777864, 1778.5752884681021, 1813.053679690606, 1846.3557866861095, 1878.9778259863995, 1909.970514351485, 1940.825922502667, 1962.4572664428717]","[4.181845200000001, 4.1773176, 4.174561499999999, 4.172198799999999, 4.1706634, 4.1689701, 4.1678286, 4.1668048, 4.165978, 4.1651511, 4.1643243, 4.1637731, 4.1631432, 4.1627493]",3096.367320445287
