battery_id,window_start,cycle_index,degradation_stage,fusion_gate,router_weight_l1,statistical_route_entropy,curve_route_entropy,fused_route_entropy,expert_1_fused_weight,expert_2_fused_weight,expert_3_fused_weight,expert_4_fused_weight,expert_5_fused_weight
#5,0,2,early,0.7816827297210693,0.6015755534172058,1.4661197662353516,1.3823763132095337,1.4615440368652344,0.2429857701063156,0.23646526038646698,0.24086858332157135,0.022219343110919,0.2574610710144043
#5,1,3,early,0.778622567653656,0.8768426775932312,1.4382247924804688,1.3829023838043213,1.5100852251052856,0.22468234598636627,0.23242875933647156,0.2295619398355484,0.04791706055402756,0.2654098868370056
#5,2,4,early,0.7761072516441345,0.9443042278289795,1.426259160041809,1.3829474449157715,1.5335363149642944,0.2223437875509262,0.23196716606616974,0.22238770127296448,0.06403466314077377,0.2592666447162628
#5,3,5,early,0.7776157259941101,0.9624773263931274,1.4055206775665283,1.3822935819625854,1.5213737487792969,0.22805915772914886,0.22782322764396667,0.22496049106121063,0.05531955510377884,0.263837605714798
#5,4,6,early,0.7758914232254028,1.0026518106460571,1.3946999311447144,1.3816388845443726,1.5319501161575317,0.2295459806919098,0.22679875791072845,0.2215297371149063,0.06274893879890442,0.2593766152858734
#5,5,7,early,0.7748498320579529,1.0167524814605713,1.388676404953003,1.3823761940002441,1.5397385358810425,0.22939112782478333,0.22279220819473267,0.21998053789138794,0.06904647499322891,0.25878962874412537
#5,6,8,early,0.7740680575370789,1.0469717979431152,1.3790862560272217,1.3814845085144043,1.554840326309204,0.23011451959609985,0.2248244434595108,0.21629002690315247,0.08169710636138916,0.2470739781856537
#5,7,9,middle,0.7732993960380554,1.0626482963562012,1.366217851638794,1.3812021017074585,1.5548807382583618,0.2273143082857132,0.22740571200847626,0.21439221501350403,0.08196476101875305,0.24892297387123108
#5,8,10,middle,0.7730659246444702,1.075743556022644,1.3665812015533447,1.379831314086914,1.5543749332427979,0.23457297682762146,0.22273851931095123,0.21593742072582245,0.08126385509967804,0.2454872727394104
#5,9,11,middle,0.7725618481636047,1.076358437538147,1.3685815334320068,1.3787622451782227,1.5484013557434082,0.2373393177986145,0.22189708054065704,0.21727272868156433,0.07586036622524261,0.24763046205043793
#5,10,12,middle,0.7701286673545837,1.1401491165161133,1.3253045082092285,1.3774409294128418,1.5613349676132202,0.23898610472679138,0.21906331181526184,0.21168071031570435,0.08861756324768066,0.24165235459804535
#5,11,13,middle,0.7689706087112427,1.1649006605148315,1.3116971254348755,1.375609040260315,1.5626617670059204,0.24013657867908478,0.22108657658100128,0.20961667597293854,0.09004902839660645,0.23911115527153015
#5,12,14,middle,0.7715655565261841,1.1214447021484375,1.3355271816253662,1.3754799365997314,1.5747284889221191,0.2403063327074051,0.223745197057724,0.2159060835838318,0.2164570391178131,0.10358539968729019
#5,13,15,late,0.77046799659729,1.1662946939468384,1.313164234161377,1.3746005296707153,1.5536987781524658,0.24087707698345184,0.22309409081935883,0.21088875830173492,0.08108135312795639,0.24405869841575623
#5,14,16,late,0.7708917260169983,1.1582581996917725,1.3107998371124268,1.3747296333312988,1.5436341762542725,0.24100534617900848,0.22232338786125183,0.21293866634368896,0.07229629158973694,0.2514362633228302
#5,15,17,late,0.7698931097984314,1.165926456451416,1.306335687637329,1.3756403923034668,1.555216670036316,0.23546002805233002,0.22707465291023254,0.208694726228714,0.08260903507471085,0.24616160988807678
#5,16,18,late,0.7717136740684509,1.1491467952728271,1.3045670986175537,1.3754552602767944,1.5369820594787598,0.23471149802207947,0.2291976511478424,0.2122688740491867,0.06694550812244415,0.2568764388561249
#5,17,19,late,0.7702849507331848,1.17195725440979,1.2964786291122437,1.375197172164917,1.546966791152954,0.2360556572675705,0.22663098573684692,0.2096741944551468,0.07529325783252716,0.25234588980674744
#5,18,20,late,0.7720361351966858,1.112535834312439,1.3230565786361694,1.3762885332107544,1.579268455505371,0.23553915321826935,0.22840255498886108,0.21523115038871765,0.21107958257198334,0.10974754393100739
#8,0,2,early,0.780178427696228,0.7650094628334045,1.299387812614441,1.3769069910049438,1.4424898624420166,0.1962794065475464,0.25316011905670166,0.24456354975700378,0.017965028062462807,0.2880318760871887
#8,1,3,early,0.7768802642822266,0.7647985219955444,1.3280036449432373,1.377114176750183,1.4529683589935303,0.20297876000404358,0.252090722322464,0.24502629041671753,0.02102142572402954,0.27888280153274536
#8,2,4,early,0.7754998803138733,0.8386855125427246,1.3053652048110962,1.3775463104248047,1.4585376977920532,0.20907732844352722,0.24832521378993988,0.23998460173606873,0.02292492613196373,0.27968791127204895
#8,3,5,early,0.776189386844635,0.8425743579864502,1.28348708152771,1.3763484954833984,1.4618409872055054,0.19976672530174255,0.2534577250480652,0.23410338163375854,0.025680091232061386,0.28699207305908203
#8,4,6,early,0.7746438980102539,1.0858311653137207,1.277310848236084,1.3775863647460938,1.5823639631271362,0.2089608907699585,0.24717392027378082,0.2383119910955429,0.18320386111736298,0.1223493367433548
#8,5,7,early,0.7749545574188232,0.8761197328567505,1.2817714214324951,1.3787026405334473,1.459831953048706,0.2091398537158966,0.2450193166732788,0.2358514368534088,0.023905588313937187,0.28608381748199463
#8,6,8,early,0.771949052810669,0.8578970432281494,1.286968469619751,1.3751766681671143,1.4686534404754639,0.20547595620155334,0.2525624632835388,0.234577476978302,0.027759375050663948,0.27962470054626465
#8,7,9,middle,0.7729418277740479,0.8695251941680908,1.2829790115356445,1.376352310180664,1.4635095596313477,0.2083144634962082,0.24949459731578827,0.23631706833839417,0.025228433310985565,0.2806454598903656
#8,8,10,middle,0.7730444669723511,0.8480779528617859,1.2805490493774414,1.3750088214874268,1.4640283584594727,0.20222951471805573,0.2542385756969452,0.23569446802139282,0.026072237640619278,0.2817652225494385
#8,9,11,middle,0.7721042633056641,0.8832513093948364,1.2818235158920288,1.3739848136901855,1.4725900888442993,0.20373593270778656,0.25510120391845703,0.2316686511039734,0.0298550333827734,0.27963918447494507
#8,10,12,middle,0.7736238241195679,1.1064143180847168,1.255699634552002,1.3778049945831299,1.5841375589370728,0.20742195844650269,0.24672605097293854,0.23711010813713074,0.1835089474916458,0.12523292005062103
#8,11,13,middle,0.7708085775375366,0.8665695190429688,1.2954182624816895,1.3733593225479126,1.4713077545166016,0.20962567627429962,0.2537679672241211,0.23640479147434235,0.028232768177986145,0.2719687521457672
#8,12,14,middle,0.7726734280586243,1.1198164224624634,1.2454214096069336,1.3771352767944336,1.5853984355926514,0.21060463786125183,0.24609044194221497,0.23419484496116638,0.18182802200317383,0.1272820085287094
#8,13,15,late,0.7713215947151184,0.878247857093811,1.2803844213485718,1.3743153810501099,1.4717020988464355,0.20500651001930237,0.2537829279899597,0.23206853866577148,0.029304491356015205,0.27983757853507996
#8,14,16,late,0.7713486552238464,0.8780707120895386,1.27121102809906,1.3736581802368164,1.4671239852905273,0.20445886254310608,0.2550063133239746,0.23392143845558167,0.027184315025806427,0.2794290781021118
#8,15,17,late,0.7723254561424255,1.1677525043487549,1.210574984550476,1.3780517578125,1.589026927947998,0.21170316636562347,0.24294914305210114,0.23022626340389252,0.18218764662742615,0.13293376564979553
#8,16,18,late,0.7716198563575745,0.9382767081260681,1.2244247198104858,1.3749598264694214,1.4618194103240967,0.20846469700336456,0.2498122602701187,0.23016205430030823,0.024991903454065323,0.28656911849975586
#8,17,19,late,0.7721245288848877,1.0927656888961792,1.2566275596618652,1.3759970664978027,1.5829529762268066,0.20818988978862762,0.2493758499622345,0.2370782047510147,0.18084879219532013,0.12450724840164185
#8,18,20,late,0.7710130214691162,0.8895716071128845,1.2585771083831787,1.3727340698242188,1.465857744216919,0.20683956146240234,0.25512564182281494,0.23387861251831055,0.026333987712860107,0.27782222628593445
#11,0,2,early,0.7892895936965942,1.1411528587341309,1.2959566116333008,1.3792427778244019,1.5339314937591553,0.06406932324171066,0.23094668984413147,0.23020604252815247,0.21875105798244476,0.25602689385414124
#11,1,3,early,0.7849211692810059,1.0818493366241455,1.2679108381271362,1.3807483911514282,1.5008245706558228,0.04527759552001953,0.23927655816078186,0.22954897582530975,0.20234917104244232,0.28354769945144653
#11,2,4,early,0.7824941277503967,0.990684986114502,1.3447415828704834,1.3794028759002686,1.5051512718200684,0.04903621971607208,0.24659086763858795,0.2324516624212265,0.19105924665927887,0.2808619737625122
#11,3,5,early,0.7786968946456909,0.9980709552764893,1.3487441539764404,1.3818761110305786,1.5780982971191406,0.2232329249382019,0.24079011380672455,0.22978202998638153,0.19575680792331696,0.11043810844421387
#11,4,6,early,0.7802561521530151,1.1563260555267334,1.2392926216125488,1.3830456733703613,1.5892095565795898,0.21464860439300537,0.23537898063659668,0.22443684935569763,0.19848774373531342,0.12704776227474213
#11,5,7,early,0.7795622944831848,1.1879571676254272,1.2121639251708984,1.3837075233459473,1.5918521881103516,0.21153073012828827,0.2310766875743866,0.22361592948436737,0.20284134149551392,0.13093529641628265
#11,6,8,early,0.7783501744270325,0.9328444004058838,1.3879737854003906,1.3803894519805908,1.5708718299865723,0.2289021909236908,0.24511955678462982,0.2319960594177246,0.1918429583311081,0.1021391898393631
#11,7,9,middle,0.7781807780265808,1.2249269485473633,1.180044412612915,1.3833179473876953,1.5927248001098633,0.20364874601364136,0.23347942531108856,0.2315380871295929,0.19547757506370544,0.13585616648197174
#11,8,10,middle,0.7776620388031006,1.1526682376861572,1.2314106225967407,1.3786561489105225,1.586115837097168,0.2063809335231781,0.24586418271064758,0.23502472043037415,0.1845892369747162,0.12814095616340637
#11,9,11,middle,0.7776123881340027,1.2281334400177002,1.174048662185669,1.380996584892273,1.5918669700622559,0.2071894407272339,0.23873382806777954,0.2301737368106842,0.18734221160411835,0.1365608274936676
#11,10,12,middle,0.7769502997398376,1.2698185443878174,1.1451919078826904,1.3845257759094238,1.5961986780166626,0.2075890600681305,0.22682589292526245,0.22773167490959167,0.19623702764511108,0.1416163295507431
#11,11,13,middle,0.7769460678100586,1.2427945137023926,1.1655000448226929,1.3840632438659668,1.5946276187896729,0.20669084787368774,0.23034338653087616,0.2281879037618637,0.19617274403572083,0.13860511779785156
#11,12,14,middle,0.7749930620193481,1.2394099235534668,1.157261610031128,1.3813600540161133,1.5934197902679443,0.2058042287826538,0.23736509680747986,0.22912821173667908,0.18826457858085632,0.13943789899349213
#11,13,15,late,0.7776585221290588,1.2423973083496094,1.160377025604248,1.3803839683532715,1.5923950672149658,0.2089034616947174,0.23989777266979218,0.2275853008031845,0.1854952573776245,0.1381182223558426
#11,14,16,late,0.7773670554161072,1.2196133136749268,1.1803548336029053,1.3819774389266968,1.5919921398162842,0.20570504665374756,0.23739615082740784,0.2304399311542511,0.19069576263427734,0.1357630491256714
#11,15,17,late,0.7767745852470398,1.2296264171600342,1.1755660772323608,1.3823208808898926,1.5930800437927246,0.2098064124584198,0.23517225682735443,0.22788332402706146,0.18989606201648712,0.137241929769516
#11,16,18,late,0.7764922976493835,1.2084375619888306,1.1813920736312866,1.3781790733337402,1.5897955894470215,0.20854337513446808,0.2450416535139084,0.2290174663066864,0.18234995007514954,0.1350475400686264
#11,17,19,late,0.7724743485450745,1.1396523714065552,1.2455849647521973,1.3784477710723877,1.5904558897018433,0.22260130941867828,0.23574157059192657,0.21512410044670105,0.19688300788402557,0.1296500563621521
#11,18,20,late,0.7724661827087402,1.1958861351013184,1.195859670639038,1.3790571689605713,1.5937652587890625,0.22219409048557281,0.23313625156879425,0.21156223118305206,0.1970551311969757,0.13605226576328278
#12,0,2,early,0.7847181558609009,1.0218665599822998,1.356389045715332,1.3818988800048828,1.5707955360412598,0.22703197598457336,0.23639583587646484,0.23443317413330078,0.20250903069972992,0.0996299758553505
#12,1,3,early,0.7814800143241882,0.9424646496772766,1.3866441249847412,1.3819174766540527,1.5704139471054077,0.23202712833881378,0.2381611168384552,0.23513413965702057,0.1938917338848114,0.10078587383031845
#12,2,4,early,0.783157467842102,1.0353693962097168,1.3188135623931885,1.382999062538147,1.5800336599349976,0.22344931960105896,0.23555095493793488,0.2302141785621643,0.19852948188781738,0.11225605756044388
#12,3,5,early,0.7794652581214905,1.1243891716003418,1.2844033241271973,1.3837273120880127,1.5872410535812378,0.2276129573583603,0.22793906927108765,0.22650006413459778,0.19396448135375977,0.12398343533277512
#12,4,6,early,0.7792404890060425,0.9107789397239685,1.4314426183700562,1.3822576999664307,1.5589818954467773,0.24264678359031677,0.23705820739269257,0.23730473220348358,0.1948201209306717,0.08817017078399658
#12,5,7,early,0.7822474241256714,1.1007670164108276,1.2826073169708252,1.3826388120651245,1.5845401287078857,0.22040343284606934,0.23630309104919434,0.22846899926662445,0.1949770599603653,0.11984742432832718
#12,6,8,early,0.7813997268676758,1.0526807308197021,1.3105027675628662,1.3831560611724854,1.5817886590957642,0.2244812697172165,0.23476435244083405,0.22890040278434753,0.19679580628871918,0.11505814641714096
#12,7,9,middle,0.7815350294113159,1.0246248245239258,1.3256614208221436,1.384061574935913,1.580096960067749,0.22823095321655273,0.23071593046188354,0.2295585572719574,0.19957223534584045,0.11192231625318527
#12,8,10,middle,0.7793539762496948,1.0248081684112549,1.3278361558914185,1.3845709562301636,1.5813102722167969,0.22707340121269226,0.22814425826072693,0.22901999950408936,0.2027023732662201,0.11305992305278778
#12,9,11,middle,0.7802854180335999,1.0318398475646973,1.3200552463531494,1.3853435516357422,1.58213472366333,0.22893431782722473,0.21919189393520355,0.22777940332889557,0.21073925495147705,0.1133551299571991
#12,10,12,middle,0.7814682126045227,1.0883550643920898,1.277435064315796,1.3846873044967651,1.5856893062591553,0.22195300459861755,0.2244369089603424,0.22701072692871094,0.20767931640148163,0.11892008781433105
#12,11,13,middle,0.7793377637863159,1.0469977855682373,1.3227348327636719,1.3840380907058716,1.5822811126708984,0.22764141857624054,0.23198676109313965,0.22746121883392334,0.1973942071199417,0.11551642417907715
#12,12,14,middle,0.7782577276229858,1.0859553813934326,1.2992470264434814,1.383449673652649,1.5850961208343506,0.22443434596061707,0.23401698470115662,0.22591640055179596,0.19523121416568756,0.12040110677480698
#12,13,15,late,0.7799261212348938,1.1376094818115234,1.254544973373413,1.3853501081466675,1.5892014503479004,0.22291848063468933,0.22308653593063354,0.22483570873737335,0.2039802223443985,0.12517905235290527
#12,14,16,late,0.7769194841384888,1.2222354412078857,1.1965806484222412,1.3847166299819946,1.5939230918884277,0.21275483071804047,0.22434699535369873,0.2305803894996643,0.19598929584026337,0.13632847368717194
#12,15,17,late,0.780147135257721,1.2078524827957153,1.1987428665161133,1.3846466541290283,1.5928394794464111,0.2178347408771515,0.22763454914093018,0.22198866307735443,0.1997671276330948,0.13277491927146912
#12,16,18,late,0.778484582901001,1.1673414707183838,1.2382172346115112,1.3843529224395752,1.590682864189148,0.2212691754102707,0.2293832004070282,0.22300688922405243,0.19704867899417877,0.1292920559644699
#12,17,19,late,0.7795727849006653,1.159259557723999,1.2376593351364136,1.3846094608306885,1.590280294418335,0.21950863301753998,0.22866375744342804,0.22315457463264465,0.20090682804584503,0.1277661770582199
#12,18,20,late,0.7793237566947937,1.2027370929718018,1.1988914012908936,1.3850977420806885,1.5932786464691162,0.21733883023262024,0.2247096300125122,0.22088523209095,0.2043585479259491,0.13270774483680725
#71,0,2,early,0.8143008947372437,1.7279207706451416,0.6161249876022339,1.2498246431350708,1.5106606483459473,0.14228451251983643,0.1388152837753296,0.22881460189819336,0.370669960975647,0.11941565573215485
#71,1,3,early,0.8121504187583923,1.7166626453399658,0.6678047180175781,1.2653452157974243,1.523000955581665,0.13671967387199402,0.14876922965049744,0.23313148319721222,0.35600546002388,0.12537413835525513
#71,2,4,early,0.8106496334075928,1.7272467613220215,0.6074590682983398,1.2647466659545898,1.5240325927734375,0.1453772634267807,0.14101141691207886,0.23618371784687042,0.3532665967941284,0.12416097521781921
#71,3,5,early,0.8120916485786438,1.7112994194030762,0.5691124200820923,1.2784202098846436,1.5324649810791016,0.15058960020542145,0.13890495896339417,0.23356223106384277,0.3459150195121765,0.13102829456329346
#71,4,6,early,0.8076995611190796,1.6971046924591064,0.49520939588546753,1.2989860773086548,1.548201084136963,0.16242048144340515,0.13764087855815887,0.23658175766468048,0.3249121904373169,0.1384446620941162
#71,5,7,early,0.8086686730384827,1.7102223634719849,0.630927324295044,1.2751400470733643,1.5316734313964844,0.14478884637355804,0.1475120484828949,0.2362404763698578,0.3449648916721344,0.12649376690387726
#71,6,8,early,0.8099324703216553,1.678043007850647,0.548345148563385,1.3085341453552246,1.5544551610946655,0.15627652406692505,0.1449401080608368,0.235580176115036,0.31883326172828674,0.1443699449300766
#71,7,9,middle,0.8096228241920471,1.6857454776763916,0.6520075798034668,1.2922770977020264,1.542992353439331,0.1437334418296814,0.1521127074956894,0.23397007584571838,0.3339010179042816,0.1362827718257904
#71,8,10,middle,0.8099117875099182,1.7196547985076904,0.4698616862297058,1.3048827648162842,1.5510621070861816,0.16344305872917175,0.1374225616455078,0.23506559431552887,0.32224735617637634,0.14182136952877045
#71,9,11,middle,0.807397723197937,1.6980648040771484,0.5560187101364136,1.2836934328079224,1.5374116897583008,0.15681181848049164,0.1401207149028778,0.23097515106201172,0.3412107527256012,0.13088156282901764
#71,10,12,middle,0.8077520132064819,1.6847007274627686,0.5552284717559814,1.2991241216659546,1.5483421087265015,0.15687590837478638,0.14450925588607788,0.2364043891429901,0.32561782002449036,0.13659262657165527
#71,11,13,middle,0.810530960559845,1.700319528579712,0.642508864402771,1.2764452695846558,1.5311453342437744,0.14306500554084778,0.14890190958976746,0.23343966901302338,0.3472105860710144,0.12738285958766937
#71,12,14,middle,0.8108088970184326,1.7082581520080566,0.53657066822052,1.2794020175933838,1.533040165901184,0.15539783239364624,0.1369169056415558,0.23395107686519623,0.3444131016731262,0.12932103872299194
#71,13,15,late,0.8112347722053528,1.7031217813491821,0.5391575694084167,1.2826976776123047,1.5351190567016602,0.15506184101104736,0.13815663754940033,0.23250076174736023,0.34313321113586426,0.1311475783586502
#71,14,16,late,0.8121519684791565,1.7107986211776733,0.49226948618888855,1.2798417806625366,1.5322030782699585,0.15862469375133514,0.13306117057800293,0.23290544748306274,0.3454245626926422,0.12998415529727936
#71,15,17,late,0.811162531375885,1.813370704650879,0.35266950726509094,1.2891474962234497,1.5368380546569824,0.17121616005897522,0.12541863322257996,0.23130185902118683,0.33839723467826843,0.13366606831550598
#71,16,18,late,0.807797908782959,1.7010562419891357,0.5058276057243347,1.2851648330688477,1.5376698970794678,0.16131745278835297,0.13667237758636475,0.23320700228214264,0.3388790488243103,0.12992404401302338
#71,17,19,late,0.8102835416793823,1.7071897983551025,0.6489241123199463,1.266197681427002,1.523813009262085,0.1419418603181839,0.14795814454555511,0.23173654079437256,0.35562843084335327,0.12273502349853516
#71,18,20,late,0.8094327449798584,1.7742401361465454,0.4022367000579834,1.2856087684631348,1.535653829574585,0.16905604302883148,0.12789933383464813,0.232170969247818,0.3398309350013733,0.1310427039861679
#72,0,2,early,0.8111004829406738,1.8126530647277832,0.3581428825855255,1.3028855323791504,1.547433853149414,0.17120465636253357,0.1285022646188736,0.23149824142456055,0.32652971148490906,0.14226508140563965
#72,1,3,early,0.8082948923110962,1.7885429859161377,0.3915620744228363,1.3124481439590454,1.5560168027877808,0.17143641412258148,0.13339903950691223,0.2325832098722458,0.3156886398792267,0.14689277112483978
#72,2,4,early,0.8069255948066711,1.7357378005981445,0.45246782898902893,1.3104565143585205,1.5561294555664062,0.1675632894039154,0.13651372492313385,0.23521246016025543,0.31500518321990967,0.14570529758930206
#72,3,5,early,0.8077530860900879,1.7432310581207275,0.4472352862358093,1.3164827823638916,1.5600485801696777,0.16756540536880493,0.13839147984981537,0.23437488079071045,0.310486376285553,0.14918188750743866
#72,4,6,early,0.8072062134742737,1.794837236404419,0.38361579179763794,1.3211489915847778,1.5627408027648926,0.1730167269706726,0.13589295744895935,0.23662716150283813,0.3040406405925751,0.15042252838611603
#72,5,7,early,0.8062491416931152,1.7003569602966309,0.4928998649120331,1.3172461986541748,1.5617691278457642,0.16472281515598297,0.14210650324821472,0.23662884533405304,0.3074455261230469,0.14909636974334717
#72,6,8,early,0.8054711222648621,1.756697654724121,0.44981732964515686,1.3396878242492676,1.5769567489624023,0.17086422443389893,0.14703644812107086,0.23322758078575134,0.28586193919181824,0.16300977766513824
#72,7,9,middle,0.80650794506073,1.819893717765808,0.3573634922504425,1.3259954452514648,1.5655016899108887,0.17606748640537262,0.138630211353302,0.23186415433883667,0.302823007106781,0.15061518549919128
#72,8,10,middle,0.8039432168006897,1.7751635313034058,0.41794073581695557,1.3349459171295166,1.5739351511001587,0.17401643097400665,0.14266997575759888,0.23534785211086273,0.2885451018810272,0.1594206541776657
#72,9,11,middle,0.8034754395484924,1.6831872463226318,0.5402839183807373,1.30294930934906,1.5525703430175781,0.16197657585144043,0.14417734742164612,0.2362654060125351,0.3198886811733246,0.13769200444221497
#72,10,12,middle,0.8067737817764282,1.8570197820663452,0.3023078143596649,1.3281280994415283,1.5663707256317139,0.17941243946552277,0.1356707066297531,0.2325868308544159,0.2999049425125122,0.15242506563663483
#72,11,13,middle,0.8071792721748352,1.842834234237671,0.32226210832595825,1.320623755455017,1.56113862991333,0.17766831815242767,0.1313876062631607,0.2296023964881897,0.30884549021720886,0.15249614417552948
#72,12,14,middle,0.8054172396659851,1.7656351327896118,0.41672980785369873,1.302503228187561,1.5499011278152466,0.17178109288215637,0.1324085295200348,0.2324872463941574,0.32321593165397644,0.1401071548461914
#72,13,15,late,0.8087887167930603,1.8171868324279785,0.35761120915412903,1.315138339996338,1.5569993257522583,0.17373330891132355,0.13357114791870117,0.23118078708648682,0.3147769868373871,0.1467376947402954
#72,14,16,late,0.8064860105514526,1.7927614450454712,0.38730692863464355,1.31501042842865,1.5583231449127197,0.17346221208572388,0.13379663228988647,0.23290301859378815,0.31207558512687683,0.14776252210140228
#72,15,17,late,0.8097652792930603,1.8436625003814697,0.3151666820049286,1.3033578395843506,1.547236442565918,0.17536431550979614,0.12718899548053741,0.23047439754009247,0.3261987268924713,0.14077356457710266
#72,16,18,late,0.8065215349197388,1.7922662496566772,0.3873130679130554,1.3156816959381104,1.5588250160217285,0.1733824610710144,0.13426759839057922,0.23389932513237,0.31087058782577515,0.1475800722837448
#72,17,19,late,0.8080483078956604,1.7945624589920044,0.38214001059532166,1.3083267211914062,1.5529965162277222,0.1722346395254135,0.1306903064250946,0.23263278603553772,0.3190326690673828,0.14540955424308777
#72,18,20,late,0.8073300123214722,1.8005504608154297,0.3730325698852539,1.3006925582885742,1.547109842300415,0.17345601320266724,0.12915436923503876,0.23124665021896362,0.32659396529197693,0.13954906165599823
#33,0,2,early,0.78266441822052,0.9273388981819153,1.4197299480438232,1.3824793100357056,1.561724305152893,0.23768112063407898,0.23485067486763,0.23928503692150116,0.1978316605091095,0.09035149961709976
#33,1,3,early,0.7818341851234436,1.033705234527588,1.3395261764526367,1.3843038082122803,1.5805896520614624,0.22884194552898407,0.22614695131778717,0.23309487104415894,0.19915665686130524,0.11275958269834518
#33,2,4,early,0.7796264886856079,0.9240041971206665,1.3983945846557617,1.3836861848831177,1.5719563961029053,0.23489800095558167,0.23023997247219086,0.2353961169719696,0.1976528912782669,0.10181302577257156
#33,3,5,early,0.7778850197792053,1.0519732236862183,1.3383229970932007,1.3827576637268066,1.5823540687561035,0.23028406500816345,0.2316441386938095,0.2289714366197586,0.19227086007595062,0.11682950705289841
#33,4,6,early,0.7760781049728394,0.8759809136390686,1.429091215133667,1.38423752784729,1.5686124563217163,0.24348920583724976,0.22534489631652832,0.23452435433864594,0.19856582581996918,0.09807566553354263
#33,5,7,early,0.7763807773590088,0.9689624905586243,1.3902132511138916,1.38217294216156,1.5759923458099365,0.23609358072280884,0.23410041630268097,0.2302209436893463,0.19124576449394226,0.10833930969238281
#33,6,8,early,0.7788594961166382,1.0179965496063232,1.361433506011963,1.3836967945098877,1.579856276512146,0.23419687151908875,0.22801342606544495,0.2299756407737732,0.1952539086341858,0.11256013810634613
#33,7,9,middle,0.7767305970191956,0.9712314605712891,1.3364286422729492,1.3815667629241943,1.492271065711975,0.22127392888069153,0.23345418274402618,0.22579297423362732,0.03889598324894905,0.2805829346179962
#33,8,10,middle,0.7779878377914429,1.1089487075805664,1.295558214187622,1.3849527835845947,1.5873768329620361,0.22872793674468994,0.2226129174232483,0.22661751508712769,0.19894158840179443,0.12310004979372025
#33,9,11,middle,0.7782360315322876,1.1335405111312866,1.277193546295166,1.3848826885223389,1.5887739658355713,0.22933873534202576,0.22274504601955414,0.22434063255786896,0.19788634777069092,0.12568922340869904
#33,10,12,middle,0.7772745490074158,0.9735150933265686,1.3799946308135986,1.384507179260254,1.5771315097808838,0.23757389187812805,0.2247304618358612,0.23111146688461304,0.19817088544368744,0.10841329395771027
#33,11,13,middle,0.7781056761741638,1.1212936639785767,1.2869192361831665,1.3842723369598389,1.5876574516296387,0.23103153705596924,0.22448980808258057,0.2246733009815216,0.19540102779865265,0.12440434843301773
#33,12,14,middle,0.7767675518989563,1.1315202713012695,1.2778674364089966,1.3847218751907349,1.588943600654602,0.2309192568063736,0.22174113988876343,0.2241779863834381,0.19686560332775116,0.1262960135936737
#33,13,15,late,0.7749616503715515,1.215555191040039,1.207430124282837,1.3855738639831543,1.594783067703247,0.2286323755979538,0.214898943901062,0.2192792445421219,0.2004161924123764,0.1367732584476471
#33,14,16,late,0.7778499722480774,1.0530792474746704,1.3252884149551392,1.3855282068252563,1.583845615386963,0.2326003462076187,0.22006438672542572,0.22730498015880585,0.20305949449539185,0.11697079241275787
#33,15,17,late,0.7789323925971985,1.016768217086792,1.34176504611969,1.385568618774414,1.580941915512085,0.2346973419189453,0.21786293387413025,0.22838574647903442,0.20666669309139252,0.11238725483417511
#33,16,18,late,0.7776017189025879,1.1376240253448486,1.2574794292449951,1.3858563899993896,1.5903170108795166,0.22527536749839783,0.21335414052009583,0.2225683033466339,0.21229936182498932,0.12650281190872192
#33,17,19,late,0.7791821956634521,1.0472157001495361,1.3190832138061523,1.3852217197418213,1.5828421115875244,0.23203955590724945,0.22272931039333344,0.2280978262424469,0.20151135325431824,0.11562193930149078
#33,18,20,late,0.7782952189445496,1.0700771808624268,1.3114699125289917,1.3856065273284912,1.5850462913513184,0.23123756051063538,0.21861760318279266,0.2271842211484909,0.20434001088142395,0.1186206266283989
#43,0,2,early,0.7756537199020386,1.0714285373687744,1.2648098468780518,1.3800393342971802,1.5063896179199219,0.20488139986991882,0.24252787232398987,0.2091103047132492,0.05068064481019974,0.2927997410297394
#43,1,3,early,0.7738423943519592,1.1236201524734497,1.2304661273956299,1.378953456878662,1.5131909847259521,0.20513522624969482,0.24279573559761047,0.20327544212341309,0.05578681454062462,0.2930068373680115
#43,2,4,early,0.7714865803718567,1.1427488327026367,1.2704676389694214,1.3775548934936523,1.550075650215149,0.20907948911190033,0.2433091551065445,0.19867974519729614,0.08220549672842026,0.2667260766029358
#43,3,5,early,0.7703410983085632,1.071552038192749,1.32401704788208,1.3773910999298096,1.5480306148529053,0.2067839801311493,0.24644608795642853,0.2041887640953064,0.07947153598070145,0.2631096839904785
#43,4,6,early,0.7690910696983337,1.1468429565429688,1.2695327997207642,1.3774456977844238,1.555189847946167,0.21038804948329926,0.24180123209953308,0.1979006677865982,0.08672510087490082,0.26318490505218506
#43,5,7,early,0.767279863357544,1.1228948831558228,1.2671409845352173,1.3770389556884766,1.5747724771499634,0.20673930644989014,0.24393312633037567,0.19688966870307922,0.1080445870757103,0.24439331889152527
#43,6,8,early,0.7682052254676819,1.0302125215530396,1.3698021173477173,1.3784887790679932,1.5466371774673462,0.2153083235025406,0.24182288348674774,0.21148669719696045,0.07575198262929916,0.25563010573387146
#43,7,9,middle,0.7657366394996643,1.111535668373108,1.303098440170288,1.3794134855270386,1.560389518737793,0.21445834636688232,0.23538780212402344,0.20238983631134033,0.0901990607380867,0.2575649619102478
#43,8,10,middle,0.7668170928955078,1.074730634689331,1.3266711235046387,1.3747435808181763,1.55379056930542,0.20794989168643951,0.2500280737876892,0.20268292725086212,0.0844353511929512,0.25490376353263855
#43,9,11,middle,0.7691311836242676,1.0704095363616943,1.333920955657959,1.378123164176941,1.5287234783172607,0.22213679552078247,0.23661860823631287,0.21461841464042664,0.06132106855511665,0.2653050720691681
#43,10,12,middle,0.7663730978965759,1.0869815349578857,1.3149794340133667,1.3772335052490234,1.5626606941223145,0.20922701060771942,0.24382221698760986,0.20187446475028992,0.09297143667936325,0.25210487842559814
#43,11,13,middle,0.7660048007965088,1.192132592201233,1.1919095516204834,1.3747467994689941,1.5847761631011963,0.20919367671012878,0.24491846561431885,0.18976262211799622,0.12351202964782715,0.23261313140392303
#43,12,14,middle,0.7683219313621521,1.0641868114471436,1.32859206199646,1.3777318000793457,1.5360890626907349,0.21201415359973907,0.24336878955364227,0.20867691934108734,0.06847134977579117,0.26746878027915955
#43,13,15,late,0.7660629749298096,1.0467405319213867,1.354283332824707,1.3767704963684082,1.5389546155929565,0.2168608158826828,0.24301396310329437,0.21146699786186218,0.06941702961921692,0.2592412233352661
#43,14,16,late,0.76630038022995,1.0462753772735596,1.3649895191192627,1.3773114681243896,1.5536611080169678,0.21717578172683716,0.2422342598438263,0.20983649790287018,0.08177796751260757,0.24897554516792297
#43,15,17,late,0.7672397494316101,1.0935215950012207,1.3166041374206543,1.3757084608078003,1.5383906364440918,0.2152879536151886,0.24465370178222656,0.2070186883211136,0.06987715512514114,0.2631624937057495
#43,16,18,late,0.7673805356025696,1.0861024856567383,1.3109142780303955,1.3742117881774902,1.5580854415893555,0.20475387573242188,0.251614511013031,0.20019152760505676,0.08958251774311066,0.2538575530052185
#43,17,19,late,0.7703425288200378,0.8689683675765991,1.2619882822036743,1.376213788986206,1.4646648168563843,0.20370423793792725,0.24985094368457794,0.23338386416435242,0.02653847634792328,0.2865225076675415
#43,18,20,late,0.7709183096885681,0.9099111557006836,1.27227783203125,1.3713794946670532,1.4694916009902954,0.1995377391576767,0.26013314723968506,0.23422378301620483,0.02870461903512478,0.2774007022380829
#61,0,2,early,0.7669366598129272,0.8449068069458008,1.4504647254943848,1.3786041736602783,1.5546519756317139,0.2000151127576828,0.2479843646287918,0.2457527369260788,0.0837504044175148,0.2224973738193512
#61,1,3,early,0.7654988169670105,0.9942002296447754,1.340226411819458,1.3782877922058105,1.5719486474990845,0.19997689127922058,0.24503953754901886,0.20547641813755035,0.10415048897266388,0.24535667896270752
#61,2,4,early,0.7678526043891907,1.1217381954193115,1.2736060619354248,1.3680245876312256,1.5740454196929932,0.1826152354478836,0.26305443048477173,0.2257751226425171,0.11160887777805328,0.2169463336467743
#61,3,5,early,0.7627187967300415,1.3372995853424072,1.015457034111023,1.3726333379745483,1.5987911224365234,0.18823176622390747,0.24902108311653137,0.19752196967601776,0.15865802764892578,0.20656710863113403
#61,4,6,early,0.7663655281066895,1.1072947978973389,1.2532912492752075,1.3729150295257568,1.5827537775039673,0.19037418067455292,0.25439539551734924,0.22009249031543732,0.12102818489074707,0.21410974860191345
#61,5,7,early,0.7666351795196533,1.0253520011901855,1.3479982614517212,1.3724777698516846,1.5657463073730469,0.18685880303382874,0.2561454772949219,0.2359982132911682,0.09849996119737625,0.22249752283096313
#61,6,8,early,0.7651407122612,0.9570709466934204,1.3917568922042847,1.3737070560455322,1.5572168827056885,0.19542717933654785,0.25676533579826355,0.24544239044189453,0.08832252770662308,0.2140425592660904
#61,7,9,middle,0.7636186480522156,0.9419140815734863,1.3965649604797363,1.3751598596572876,1.5602829456329346,0.20087000727653503,0.2535313665866852,0.24516919255256653,0.0907137393951416,0.20971570909023285
#61,8,10,middle,0.7661674618721008,0.9649289846420288,1.38247811794281,1.3729159832000732,1.5594096183776855,0.19547921419143677,0.2581794857978821,0.2416517287492752,0.09056851267814636,0.2141210436820984
#61,9,11,middle,0.7628796696662903,1.101022481918335,1.2744653224945068,1.372286319732666,1.5795392990112305,0.1930759996175766,0.255254864692688,0.2266686111688614,0.11591693013906479,0.20908355712890625
#61,10,12,middle,0.7622827887535095,1.0898644924163818,1.290992021560669,1.3721787929534912,1.5770063400268555,0.19365181028842926,0.2559567987918854,0.23060601949691772,0.11248230934143066,0.20730309188365936
#61,11,13,middle,0.765093982219696,0.9951225519180298,1.35267972946167,1.3731337785720825,1.566415548324585,0.20000427961349487,0.2560748755931854,0.20576584339141846,0.09816962480545044,0.2399853765964508
#61,12,14,middle,0.764569103717804,0.971095860004425,1.373063564300537,1.3738329410552979,1.5639679431915283,0.19796377420425415,0.2553185522556305,0.23889261484146118,0.0947624146938324,0.2130626142024994
#61,13,15,late,0.764990508556366,0.9641618728637695,1.3856757879257202,1.3741083145141602,1.5572352409362793,0.20259033143520355,0.254819393157959,0.2100353091955185,0.08737048506736755,0.2451845109462738
#61,14,16,late,0.7644528746604919,0.9744885563850403,1.3700785636901855,1.3732296228408813,1.5646533966064453,0.19922013580799103,0.25628724694252014,0.23822741210460663,0.09564750641584396,0.21061769127845764
#61,15,17,late,0.7618154287338257,1.0368945598602295,1.3248329162597656,1.372166633605957,1.5725914239883423,0.2001868486404419,0.25569021701812744,0.23369312286376953,0.10556963086128235,0.20486021041870117
#61,16,18,late,0.7615829706192017,1.1817317008972168,1.1541624069213867,1.3729737997055054,1.5931804180145264,0.20398709177970886,0.2494266927242279,0.1904296576976776,0.14087247848510742,0.2152840495109558
#61,17,19,late,0.7598066926002502,1.1214094161987305,1.2122373580932617,1.3748388290405273,1.591016173362732,0.20393000543117523,0.24668821692466736,0.21711640059947968,0.13334663212299347,0.19891874492168427
#61,18,20,late,0.762370765209198,1.047461748123169,1.3493375778198242,1.3776624202728271,1.574188470840454,0.21801742911338806,0.2395579218864441,0.20810550451278687,0.10344862937927246,0.23087048530578613
#62,0,2,early,0.8248533606529236,1.863524079322815,0.6387295126914978,0.9691237211227417,1.2616239786148071,0.04879458248615265,0.17556941509246826,0.19130203127861023,0.5310129523277283,0.0533209890127182
#62,1,3,early,0.8235781788825989,1.8596467971801758,0.6499823331832886,0.978032648563385,1.27091646194458,0.05104459077119827,0.17585024237632751,0.19220007956027985,0.526374101638794,0.05453094094991684
#62,2,4,early,0.8193092346191406,1.833437204360962,0.47006601095199585,1.0376299619674683,1.3442070484161377,0.08957331627607346,0.15236057341098785,0.20474471151828766,0.493643581867218,0.0596778504550457
#62,3,5,early,0.8134768009185791,1.7963151931762695,0.3988019824028015,1.117823839187622,1.4053021669387817,0.09865333139896393,0.16416597366333008,0.22112193703651428,0.44592708349227905,0.07013160735368729
#62,4,6,early,0.8105754256248474,1.867514967918396,0.2676015794277191,1.1181119680404663,1.4003804922103882,0.09451635181903839,0.17687660455703735,0.21767354011535645,0.4452478885650635,0.06568562984466553
#62,5,7,early,0.8122541308403015,1.792677879333496,0.3728235363960266,1.1155750751495361,1.4026424884796143,0.09797513484954834,0.1675167679786682,0.2194041758775711,0.44697633385658264,0.0681275799870491
#62,6,8,early,0.8117616176605225,1.8320780992507935,0.3149798512458801,1.1126337051391602,1.3978569507598877,0.09459410607814789,0.17243370413780212,0.21806180477142334,0.44857057929039,0.06633980572223663
#62,7,9,middle,0.8133845925331116,1.8194000720977783,0.3327194154262543,1.1245967149734497,1.4072009325027466,0.09676183760166168,0.16976402699947357,0.22063744068145752,0.4429095685482025,0.06992711126804352
#62,8,10,middle,0.8133153915405273,1.8264726400375366,0.32557421922683716,1.1249339580535889,1.406851053237915,0.09775806218385696,0.1704871654510498,0.21938519179821014,0.4433470666408539,0.06902247667312622
#62,9,11,middle,0.8111218214035034,1.8003175258636475,0.35461997985839844,1.1189837455749512,1.4048547744750977,0.09826686233282089,0.17002035677433014,0.21949130296707153,0.4444778859615326,0.06774359941482544
#62,10,12,middle,0.8130908012390137,1.816493034362793,0.3337012529373169,1.0993602275848389,1.3880785703659058,0.09160473942756653,0.1697596162557602,0.21580453217029572,0.4569006562232971,0.06593049317598343
#62,11,13,middle,0.8134527802467346,1.6488792896270752,0.3601246774196625,1.094982385635376,1.2531635761260986,0.09460647404193878,0.2309141457080841,0.21346719563007355,0.4603496491909027,0.0006625313544645905
#62,12,14,middle,0.8127382397651672,1.7834405899047852,0.3866293430328369,1.1277227401733398,1.4120153188705444,0.1012129932641983,0.16629496216773987,0.21996057033538818,0.4415263235569,0.07100518047809601
#62,13,15,late,0.8140553832054138,1.8085923194885254,0.3694852888584137,1.0871601104736328,1.3798516988754272,0.09155905991792679,0.16610746085643768,0.21317455172538757,0.4644860625267029,0.06467292457818985
#62,14,16,late,0.8164559602737427,1.8267558813095093,0.540522575378418,1.055933952331543,1.3640066385269165,0.09939222037792206,0.14699117839336395,0.20763878524303436,0.4826682507991791,0.06330949068069458
#62,15,17,late,0.8183589577674866,1.8393452167510986,0.5877333283424377,1.0353776216506958,1.3503398895263672,0.10163570940494537,0.1385374218225479,0.2063695639371872,0.4929259717464447,0.06053132191300392
#62,16,18,late,0.8147231340408325,1.696967363357544,0.4794502258300781,1.036381483078003,1.2264827489852905,0.09270147979259491,0.21212825179100037,0.20280784368515015,0.49175915122032166,0.0006033427780494094
#62,17,19,late,0.8174455165863037,1.834610939025879,0.5057333707809448,1.0364915132522583,1.346860408782959,0.09290474653244019,0.15007013082504272,0.20371931791305542,0.4933229684829712,0.059982847422361374
#62,18,20,late,0.8164486885070801,1.6935622692108154,0.49771445989608765,1.0402668714523315,1.2286611795425415,0.09384245425462723,0.2105376422405243,0.20404726266860962,0.49088922142982483,0.0006834175437688828
#63,0,2,early,0.7869613170623779,1.1412206888198853,1.2404810190200806,1.3793967962265015,1.5113580226898193,0.050585031509399414,0.2397005558013916,0.2241523712873459,0.20964749157428741,0.2759145498275757
#63,1,3,early,0.7846146821975708,1.1249327659606934,1.2365314960479736,1.3786901235580444,1.5019258260726929,0.04518892988562584,0.24187281727790833,0.22598211467266083,0.2074180543422699,0.2795380651950836
#63,2,4,early,0.7829000353813171,1.1911611557006836,1.2000728845596313,1.380852460861206,1.5879557132720947,0.19197896122932434,0.23975864052772522,0.23740656673908234,0.2015552818775177,0.12930051982402802
#63,3,5,early,0.779067873954773,1.0144011974334717,1.3265724182128906,1.3816255331039429,1.5797429084777832,0.2171008288860321,0.23836606740951538,0.23044349253177643,0.20249463617801666,0.11159495264291763
#63,4,6,early,0.7797369360923767,1.102908730506897,1.2631648778915405,1.3786338567733765,1.5817004442214966,0.19745668768882751,0.24810929596424103,0.24221627414226532,0.19075268507003784,0.1214650422334671
#63,5,7,early,0.7784302234649658,1.0440223217010498,1.313239574432373,1.3789390325546265,1.5782020092010498,0.20241877436637878,0.24704909324645996,0.24538443982601166,0.1894858032464981,0.11566188186407089
#63,6,8,early,0.7802574038505554,1.1153903007507324,1.261307954788208,1.3785130977630615,1.5823819637298584,0.200625479221344,0.24783068895339966,0.2410358190536499,0.18795867264270782,0.1225493773818016
#63,7,9,middle,0.7780247330665588,0.8477960228919983,1.2530120611190796,1.3772410154342651,1.443718671798706,0.20071479678153992,0.25050824880599976,0.24041250348091125,0.018202047795057297,0.29016241431236267
#63,8,10,middle,0.7775679230690002,1.0990630388259888,1.272705078125,1.3810818195343018,1.5837221145629883,0.20083259046077728,0.2417207956314087,0.24113929271697998,0.1940738558769226,0.12223343551158905
#63,9,11,middle,0.7765033841133118,0.7675848007202148,1.3069860935211182,1.3762942552566528,1.450488805770874,0.19855177402496338,0.2540159821510315,0.24265995621681213,0.020695241168141365,0.28407707810401917
#63,10,12,middle,0.7756779789924622,0.7883731126785278,1.2982888221740723,1.37795889377594,1.449279546737671,0.2010505348443985,0.24936896562576294,0.2424256056547165,0.02013547532260418,0.28701943159103394
#63,11,13,middle,0.7758984565734863,1.0781458616256714,1.2835054397583008,1.3796772956848145,1.5820362567901611,0.2034681737422943,0.24500450491905212,0.24161368608474731,0.1891065537929535,0.12080707401037216
#63,12,14,middle,0.7759274840354919,0.8608223795890808,1.2456908226013184,1.3781929016113281,1.4465861320495605,0.20117756724357605,0.2477966696023941,0.23720954358577728,0.019579382613301277,0.2942368686199188
#63,13,15,late,0.7758802771568298,1.0993260145187378,1.2656657695770264,1.3785717487335205,1.582889437675476,0.20352308452129364,0.24684685468673706,0.24029335379600525,0.18614640831947327,0.12319032102823257
#63,14,16,late,0.7761368155479431,1.172226905822754,1.2141293287277222,1.3816232681274414,1.589293122291565,0.20208770036697388,0.239030122756958,0.23517414927482605,0.19249878823757172,0.13120923936367035
#63,15,17,late,0.7772684693336487,1.1881375312805176,1.2042875289916992,1.382753849029541,1.590608835220337,0.20039458572864532,0.23567768931388855,0.2342754304409027,0.1973344385623932,0.13231784105300903
#63,16,18,late,0.777592122554779,0.8461392521858215,1.2206945419311523,1.3764708042144775,1.4395763874053955,0.19228103756904602,0.2527291774749756,0.2360064685344696,0.018163012340664864,0.30082035064697266
#63,17,19,late,0.7780261635780334,1.215720295906067,1.1809836626052856,1.3825769424438477,1.5918259620666504,0.198909729719162,0.23550547659397125,0.2333848625421524,0.19727084040641785,0.13492906093597412
#63,18,20,late,0.776999831199646,1.124100923538208,1.2487549781799316,1.3814010620117188,1.5858582258224487,0.19786834716796875,0.2398483008146286,0.23983094096183777,0.19711506366729736,0.12533734738826752
#64,0,2,early,0.7655912637710571,1.2174665927886963,1.177126407623291,1.3648589849472046,1.5824847221374512,0.17945167422294617,0.2639807462692261,0.21255742013454437,0.12671230733394623,0.21729785203933716
#64,1,3,early,0.7629287838935852,1.3394801616668701,0.9884144067764282,1.3653874397277832,1.5956897735595703,0.18435591459274292,0.260396808385849,0.19178125262260437,0.15877610445022583,0.20468991994857788
#64,2,4,early,0.7603320479393005,1.5111911296844482,0.8267067670822144,1.3684141635894775,1.6009066104888916,0.19241788983345032,0.2523536682128906,0.17976191639900208,0.1810920685529709,0.19437441229820251
#64,3,5,early,0.7607720494270325,1.523127794265747,0.8036505579948425,1.36346435546875,1.5981627702713013,0.18496638536453247,0.2607499659061432,0.1767169088125229,0.18218736350536346,0.1953793317079544
#64,4,6,early,0.759432315826416,1.472235918045044,0.8735023736953735,1.370285987854004,1.6015350818634033,0.19414398074150085,0.2501041889190674,0.18590691685676575,0.17708620429039001,0.1927586942911148
#64,5,7,early,0.7532644271850586,1.9209767580032349,0.21002338826656342,1.3615397214889526,1.588431715965271,0.1869104951620102,0.24812577664852142,0.1352737694978714,0.23698663711547852,0.19270332157611847
#64,6,8,early,0.7537862062454224,1.8975532054901123,0.25805503129959106,1.361175537109375,1.5893809795379639,0.19004151225090027,0.2515794336795807,0.1388591229915619,0.2336018681526184,0.18591810762882233
#64,7,9,middle,0.7529788613319397,1.8608168363571167,0.3303619623184204,1.3662902116775513,1.594285488128662,0.19622115790843964,0.24428707361221313,0.14745336771011353,0.2298305481672287,0.1822078377008438
#64,8,10,middle,0.7547368407249451,1.8782609701156616,0.2969524562358856,1.3630249500274658,1.5915868282318115,0.19504521787166595,0.24973458051681519,0.14301453530788422,0.2303340882062912,0.18187156319618225
#64,9,11,middle,0.7533645033836365,1.8772287368774414,0.2985735833644867,1.3636921644210815,1.5919415950775146,0.19596993923187256,0.24769273400306702,0.1432649791240692,0.23149561882019043,0.1815767139196396
#64,10,12,middle,0.7545139789581299,1.8257982730865479,0.3940693736076355,1.3666964769363403,1.595947504043579,0.20111508667469025,0.24462272226810455,0.1525043547153473,0.22410397231578827,0.17765383422374725
#64,11,13,middle,0.7563505172729492,1.8298249244689941,0.38897189497947693,1.3682044744491577,1.5969064235687256,0.20135338604450226,0.24246937036514282,0.15288597345352173,0.22291794419288635,0.18037331104278564
#64,12,14,middle,0.7547297477722168,1.8247336149215698,0.39562395215034485,1.366874098777771,1.596118688583374,0.1971842348575592,0.245364710688591,0.1520443707704544,0.2237764298915863,0.18163026869297028
#64,13,15,late,0.7564760446548462,1.7764296531677246,0.4765121638774872,1.3671809434890747,1.5978583097457886,0.20020423829555511,0.24583816528320312,0.15645316243171692,0.2163015902042389,0.18120290338993073
#64,14,16,late,0.7561963796615601,1.782575011253357,0.46641167998313904,1.3686552047729492,1.598585844039917,0.19319136440753937,0.24408845603466034,0.15628407895565033,0.21729911863803864,0.18913696706295013
#64,15,17,late,0.7581292390823364,1.675262689590454,0.6224484443664551,1.3665977716445923,1.599571704864502,0.19226670265197754,0.25025808811187744,0.16280852258205414,0.20259852707386017,0.19206814467906952
#64,16,18,late,0.7552278637886047,1.8408650159835815,0.36305680871009827,1.3597264289855957,1.5909520387649536,0.18984103202819824,0.25535848736763,0.14242346584796906,0.22529621422290802,0.18708080053329468
#64,17,19,late,0.7584046721458435,1.6218822002410889,0.6949707269668579,1.3675734996795654,1.6006735563278198,0.1942930966615677,0.25057709217071533,0.16948416829109192,0.19591958820819855,0.18972602486610413
#64,18,20,late,0.7561480402946472,1.6990227699279785,0.588263988494873,1.364729642868042,1.5982224941253662,0.19734591245651245,0.2519136071205139,0.16105656325817108,0.2071550190448761,0.18252894282341003
#65,0,2,early,0.7846904993057251,0.8760849237442017,1.43574857711792,1.3831433057785034,1.5654559135437012,0.23385867476463318,0.2354501485824585,0.23851996660232544,0.19785653054714203,0.09431470185518265
#65,1,3,early,0.7854688763618469,0.8835324048995972,1.4176692962646484,1.3839799165725708,1.5660678148269653,0.23497819900512695,0.23024120926856995,0.23792774975299835,0.20267049968242645,0.09418229758739471
#65,2,4,early,0.7814719676971436,0.9035597443580627,1.4332695007324219,1.3835082054138184,1.5690009593963623,0.2251499444246292,0.2436017245054245,0.23493003845214844,0.19759173691272736,0.09872656315565109
#65,3,5,early,0.779396653175354,0.8399671912193298,1.4684821367263794,1.381750226020813,1.5101006031036377,0.22916392982006073,0.2336338758468628,0.2345276176929474,0.047146979719400406,0.2555276155471802
#65,4,6,early,0.7779343724250793,0.8224842548370361,1.474199652671814,1.382218599319458,1.5624938011169434,0.23417183756828308,0.2422904074192047,0.23492774367332458,0.19728721678256989,0.09132274985313416
#65,5,7,early,0.7770845293998718,0.943435788154602,1.4415404796600342,1.3814995288848877,1.5354247093200684,0.2323930710554123,0.22686535120010376,0.226800799369812,0.0645725429058075,0.24936825037002563
#65,6,8,early,0.7761038541793823,0.9585322141647339,1.4271175861358643,1.3830962181091309,1.5462554693222046,0.22319047152996063,0.23050646483898163,0.22125816345214844,0.07389184087514877,0.25115305185317993
#65,7,9,middle,0.7763056755065918,0.9449201822280884,1.434159278869629,1.3802965879440308,1.5259265899658203,0.2344244420528412,0.22740180790424347,0.22841191291809082,0.05759840086102486,0.2521634101867676
#65,8,10,middle,0.7753457427024841,0.9603930711746216,1.4306765794754028,1.3801110982894897,1.5308125019073486,0.2345590591430664,0.22670456767082214,0.2272302359342575,0.061106592416763306,0.25039955973625183
#65,9,11,middle,0.7759917378425598,0.9837199449539185,1.4139420986175537,1.3820757865905762,1.5396218299865723,0.22753562033176422,0.22872138023376465,0.22166676819324493,0.06835822016000748,0.25371798872947693
#65,10,12,middle,0.7774486541748047,0.9296999573707581,1.421288251876831,1.3831565380096436,1.5747711658477783,0.22812846302986145,0.22841042280197144,0.2310897707939148,0.20891836285591125,0.10345298051834106
#65,11,13,middle,0.7795791029930115,1.0490530729293823,1.330515742301941,1.3819329738616943,1.5832210779190063,0.22496135532855988,0.2294873297214508,0.22565653920173645,0.20427817106246948,0.11561661213636398
#65,12,14,middle,0.7784548997879028,1.0159450769424438,1.3612873554229736,1.3824877738952637,1.581150770187378,0.2246440201997757,0.23003533482551575,0.22797296941280365,0.20480886101722717,0.11253882944583893
#65,13,15,late,0.7781926393508911,1.0577685832977295,1.335561990737915,1.3831220865249634,1.5842589139938354,0.22199933230876923,0.23007787764072418,0.2267368882894516,0.20387545228004456,0.11731042712926865
#65,14,16,late,0.7785455584526062,1.0197666883468628,1.3650500774383545,1.3836731910705566,1.5815744400024414,0.22464196383953094,0.2274009883403778,0.22877603769302368,0.20626506209373474,0.11291594803333282
#65,15,17,late,0.7791059017181396,0.9956871271133423,1.3702200651168823,1.3853260278701782,1.5791354179382324,0.23205021023750305,0.2243632823228836,0.2300107330083847,0.203605055809021,0.10997069627046585
#65,16,18,late,0.7747814059257507,1.0289651155471802,1.3905553817749023,1.380221962928772,1.540184736251831,0.22972214221954346,0.22953540086746216,0.21985681354999542,0.06874716281890869,0.25213849544525146
#65,17,19,late,0.7740778923034668,0.9900256991386414,1.420998454093933,1.3791687488555908,1.536456823348999,0.23506475985050201,0.22808951139450073,0.22452682256698608,0.06530468910932541,0.24701422452926636
#65,18,20,late,0.7723402976989746,1.0674760341644287,1.368781328201294,1.380344033241272,1.5607247352600098,0.23120753467082977,0.22512732446193695,0.21550337970256805,0.08725395798683167,0.24090780317783356
